-- MySQL dump 10.13  Distrib 8.0.46, for Win64 (x86_64)
--
-- Host: 65.99.205.150    Database: nezasegu_extorsion_2026
-- ------------------------------------------------------
-- Server version	5.5.5-10.6.25-MariaDB-cll-lve-log

/*!40101 SET @OLD_CHARACTER_SET_CLIENT=@@CHARACTER_SET_CLIENT */;
/*!40101 SET @OLD_CHARACTER_SET_RESULTS=@@CHARACTER_SET_RESULTS */;
/*!40101 SET @OLD_COLLATION_CONNECTION=@@COLLATION_CONNECTION */;
/*!50503 SET NAMES utf8 */;
/*!40103 SET @OLD_TIME_ZONE=@@TIME_ZONE */;
/*!40103 SET TIME_ZONE='+00:00' */;
/*!40014 SET @OLD_UNIQUE_CHECKS=@@UNIQUE_CHECKS, UNIQUE_CHECKS=0 */;
/*!40014 SET @OLD_FOREIGN_KEY_CHECKS=@@FOREIGN_KEY_CHECKS, FOREIGN_KEY_CHECKS=0 */;
/*!40101 SET @OLD_SQL_MODE=@@SQL_MODE, SQL_MODE='NO_AUTO_VALUE_ON_ZERO' */;
/*!40111 SET @OLD_SQL_NOTES=@@SQL_NOTES, SQL_NOTES=0 */;

--
-- Table structure for table `categoria`
--

DROP TABLE IF EXISTS `categoria`;
/*!40101 SET @saved_cs_client     = @@character_set_client */;
/*!50503 SET character_set_client = utf8mb4 */;
CREATE TABLE `categoria` (
  `id_categoria` int(11) NOT NULL AUTO_INCREMENT,
  `id_sector` int(11) DEFAULT NULL,
  `categoria` varchar(45) DEFAULT NULL,
  PRIMARY KEY (`id_categoria`),
  KEY `id_sector_idx` (`id_sector`),
  CONSTRAINT `id_sector` FOREIGN KEY (`id_sector`) REFERENCES `sector` (`id_sector`) ON DELETE NO ACTION ON UPDATE NO ACTION
) ENGINE=InnoDB AUTO_INCREMENT=9 DEFAULT CHARSET=utf8mb4 COLLATE=utf8mb4_unicode_520_ci;
/*!40101 SET character_set_client = @saved_cs_client */;

--
-- Dumping data for table `categoria`
--

LOCK TABLES `categoria` WRITE;
/*!40000 ALTER TABLE `categoria` DISABLE KEYS */;
INSERT INTO `categoria` VALUES (1,1,'Locatarios de Mercados'),(2,1,'Comerciantes'),(3,1,'Vendedores'),(4,1,'Otros'),(5,2,'Servidores de Transporte Publico'),(6,2,'Servidores de Movilidad'),(7,2,'Checadores'),(8,2,'Otros');
/*!40000 ALTER TABLE `categoria` ENABLE KEYS */;
UNLOCK TABLES;

--
-- Table structure for table `dato`
--

DROP TABLE IF EXISTS `dato`;
/*!40101 SET @saved_cs_client     = @@character_set_client */;
/*!50503 SET character_set_client = utf8mb4 */;
CREATE TABLE `dato` (
  `id_dato` int(11) NOT NULL AUTO_INCREMENT,
  `nombre` varchar(100) DEFAULT NULL,
  `apellido_p` varchar(100) DEFAULT NULL,
  `apellido_m` varchar(100) DEFAULT NULL,
  `correo` varchar(100) DEFAULT NULL,
  PRIMARY KEY (`id_dato`)
) ENGINE=InnoDB AUTO_INCREMENT=35 DEFAULT CHARSET=utf8mb4 COLLATE=utf8mb4_unicode_520_ci;
/*!40101 SET character_set_client = @saved_cs_client */;

--
-- Dumping data for table `dato`
--

LOCK TABLES `dato` WRITE;
/*!40000 ALTER TABLE `dato` DISABLE KEYS */;
INSERT INTO `dato` VALUES (1,'joana',NULL,NULL,'joana@gmail.com'),(2,'joana',NULL,NULL,'joana@gmail.com'),(3,'Joana Herrera Hernández ',NULL,NULL,'joana@gmail.com'),(4,'joana',NULL,NULL,'joana@gmail.com'),(5,'joana',NULL,NULL,'joana@gmail.com'),(6,'joana',NULL,NULL,'joana@gmail.com'),(7,'joana',NULL,NULL,'joana@gmail.com'),(8,'joana',NULL,NULL,'joana@gmail.com'),(9,'joana','herrera','hernández','joana@gmail.com'),(10,'claudia','flores','muñoz','joana@gmail.com'),(11,'carlos','lopez','lopez','lopez@gmail.com'),(12,'Prueba Otro','Comercial','Codex','prueba.otro.comercial@example.com'),(13,'Prueba Categoria','Normal','Codex','prueba.categoria.normal@example.com'),(14,'moises','flores','lopez','moises@gmail.com'),(15,'Joana Herrera ','flores','Joana','joana@gmail.com'),(16,'SERGIO','fdgfg','TORRES','segyprevlapaz@gmail.com'),(17,'SERGIO','fgfdgfd','TORRES','gameya2009@gmail.com'),(18,'Prueba A','Prueba A','Prueba A','ciahdez22@gmail.com'),(19,'IVAN','MÉNDEZ ','TORRES','jajsjsdd@hshs.com'),(20,'SERGIO','rthhr','TORRES','fernando1002971@gmail.com'),(21,'jazmin','herrera','hernández','joana@gmail.com'),(22,'SERGIO','GFHFH','TORRES','DGSCNEZADEV@GMAIL.COM'),(23,'PRUEBA J','PRUEBA J','PRUEBA J','CIAHDEZ22@GMAIL.COM'),(24,'IVAN','MENDEZ','TORRES','IVANMENDEZ.SISTEMAS@GMAIL.COM'),(25,'ELIAS SAUL','MAURICIO','UBALDO','ELIASSAUL21@GMAIL.COM'),(26,'PRUEBA K','PRUEBA K','PRUEBA K','MOISES@GMAIL.COM'),(27,'ROSARIO','HERNAN','MAY','NKN@GMAIL.COM'),(28,'PRUEBA B','PRUEBA B','PRUEBA B','LOPEZ@GMAIL.COM'),(29,'PRUEBA D','PRUEBA D','PRUEBA D','LOPEZ@GMAIL.COM'),(30,'PRUEBA E','PRUEBA E','PRUEBA E','MOISES@GMAIL.COM'),(31,'PRUEBA F','PRUEBA F','PRUEBA F','OMAR@GMAIL.COM'),(32,'PRUEBA G','PRUEBA G','PRUEBA G','OMAR@GMAIL.COM'),(33,'PRUEBA H','PRUEBA H','PRUEBA H','MOISES@GMAIL.COM'),(34,'PRUEBA I','PRUEBA I','PRUEBA I','MOISES@GMAIL.COM');
/*!40000 ALTER TABLE `dato` ENABLE KEYS */;
UNLOCK TABLES;

--
-- Table structure for table `dependencia`
--

DROP TABLE IF EXISTS `dependencia`;
/*!40101 SET @saved_cs_client     = @@character_set_client */;
/*!50503 SET character_set_client = utf8mb4 */;
CREATE TABLE `dependencia` (
  `id_dependencia` int(11) NOT NULL AUTO_INCREMENT,
  `dependencia` varchar(45) DEFAULT NULL,
  PRIMARY KEY (`id_dependencia`)
) ENGINE=InnoDB AUTO_INCREMENT=4 DEFAULT CHARSET=utf8mb4 COLLATE=utf8mb4_unicode_520_ci;
/*!40101 SET character_set_client = @saved_cs_client */;

--
-- Dumping data for table `dependencia`
--

LOCK TABLES `dependencia` WRITE;
/*!40000 ALTER TABLE `dependencia` DISABLE KEYS */;
INSERT INTO `dependencia` VALUES (1,'Fiscalia'),(2,'Policia Municipal'),(3,'Secretaria de Seguridad Publica');
/*!40000 ALTER TABLE `dependencia` ENABLE KEYS */;
UNLOCK TABLES;

--
-- Table structure for table `estado`
--

DROP TABLE IF EXISTS `estado`;
/*!40101 SET @saved_cs_client     = @@character_set_client */;
/*!50503 SET character_set_client = utf8mb4 */;
CREATE TABLE `estado` (
  `id_estado` int(11) NOT NULL AUTO_INCREMENT,
  `estado` varchar(45) DEFAULT NULL,
  PRIMARY KEY (`id_estado`)
) ENGINE=InnoDB AUTO_INCREMENT=35 DEFAULT CHARSET=utf8mb4 COLLATE=utf8mb4_unicode_520_ci;
/*!40101 SET character_set_client = @saved_cs_client */;

--
-- Dumping data for table `estado`
--

LOCK TABLES `estado` WRITE;
/*!40000 ALTER TABLE `estado` DISABLE KEYS */;
INSERT INTO `estado` VALUES (2,'Jalisco'),(4,'Aguascalientes'),(5,'Baja California'),(6,'Baja California Sur'),(7,'Campeche'),(8,'Coahuila de Zaragoza'),(9,'Colima'),(10,'Chiapas'),(11,'Chihuahua'),(12,'Ciudad de México'),(13,'Durango'),(14,'Guanajuato'),(15,'Guerrero'),(16,'Hidalgo'),(17,'México'),(18,'Michoacán de Ocampo'),(19,'Morelos'),(20,'Nayarit'),(21,'Nuevo León'),(22,'Oaxaca'),(23,'Puebla'),(24,'Querétaro'),(25,'Quintana Roo'),(26,'San Luis Potosí'),(27,'Sinaloa'),(28,'Sonora'),(29,'Tabasco'),(30,'Tamaulipas'),(31,'Tlaxcala'),(32,'Veracruz de Ignacio de la Llave'),(33,'Yucatán'),(34,'Zacatecas');
/*!40000 ALTER TABLE `estado` ENABLE KEYS */;
UNLOCK TABLES;

--
-- Table structure for table `general`
--

DROP TABLE IF EXISTS `general`;
/*!40101 SET @saved_cs_client     = @@character_set_client */;
/*!50503 SET character_set_client = utf8mb4 */;
CREATE TABLE `general` (
  `id_general` int(11) NOT NULL AUTO_INCREMENT,
  `id_dato` int(11) DEFAULT NULL,
  `id_sexo` int(11) DEFAULT NULL,
  `dependencia` varchar(100) DEFAULT NULL,
  `id_municipio` int(11) DEFAULT NULL,
  `id_categoria` int(11) DEFAULT NULL,
  `categoria_otro` varchar(255) DEFAULT NULL,
  `fecha_registro` timestamp NOT NULL DEFAULT current_timestamp(),
  `id_dependencia` int(11) DEFAULT NULL,
  PRIMARY KEY (`id_general`),
  KEY `id_dato_idx` (`id_dato`),
  KEY `id_sexo_idx` (`id_sexo`),
  KEY `id_municipio_idx` (`id_municipio`),
  KEY `id_categoria_idx` (`id_categoria`),
  KEY `fk_general_dependencia` (`id_dependencia`),
  CONSTRAINT `fk_general_dependencia` FOREIGN KEY (`id_dependencia`) REFERENCES `dependencia` (`id_dependencia`) ON DELETE NO ACTION ON UPDATE NO ACTION,
  CONSTRAINT `id_categoria` FOREIGN KEY (`id_categoria`) REFERENCES `categoria` (`id_categoria`) ON DELETE NO ACTION ON UPDATE NO ACTION,
  CONSTRAINT `id_dato` FOREIGN KEY (`id_dato`) REFERENCES `dato` (`id_dato`) ON DELETE NO ACTION ON UPDATE NO ACTION,
  CONSTRAINT `id_municipio` FOREIGN KEY (`id_municipio`) REFERENCES `municipio` (`id_municipio`) ON DELETE NO ACTION ON UPDATE NO ACTION,
  CONSTRAINT `id_sexo` FOREIGN KEY (`id_sexo`) REFERENCES `sexo` (`id_sexo`) ON DELETE NO ACTION ON UPDATE NO ACTION
) ENGINE=InnoDB AUTO_INCREMENT=34 DEFAULT CHARSET=utf8mb4 COLLATE=utf8mb4_unicode_520_ci;
/*!40101 SET character_set_client = @saved_cs_client */;

--
-- Dumping data for table `general`
--

LOCK TABLES `general` WRITE;
/*!40000 ALTER TABLE `general` DISABLE KEYS */;
INSERT INTO `general` VALUES (1,2,2,NULL,5,2,NULL,'2026-05-21 19:21:36',NULL),(2,3,2,NULL,711,5,NULL,'2026-05-21 20:13:17',NULL),(3,4,2,NULL,6,5,NULL,'2026-05-21 20:29:23',NULL),(4,5,2,NULL,5,2,NULL,'2026-05-21 20:30:16',NULL),(5,6,2,NULL,5,6,NULL,'2026-05-21 20:31:28',NULL),(6,7,1,NULL,2242,2,NULL,'2026-05-21 20:32:03',NULL),(7,8,2,NULL,2156,3,NULL,'2026-05-21 20:32:55',NULL),(8,9,1,NULL,711,7,NULL,'2026-05-21 20:36:35',NULL),(9,10,2,NULL,711,6,NULL,'2026-05-21 20:38:14',NULL),(10,11,1,NULL,711,5,NULL,'2026-05-25 17:46:54',NULL),(11,12,1,'Dependencia Libre Prueba',739,4,'Giro comercial de prueba','2026-05-25 20:51:59',NULL),(12,13,2,'Dependencia Texto Normal',5,5,NULL,'2026-05-25 20:51:59',NULL),(13,14,1,'comisaria',711,4,'transporte','2026-05-25 20:55:45',NULL),(14,15,2,'comisaria',694,2,NULL,'2026-05-25 23:44:25',NULL),(15,16,2,'COMISARIA GENERAL DE SEGURIDAD CIUDADANA DE NEZAHUALCOYOTL',692,1,NULL,'2026-05-26 19:18:28',NULL),(16,17,1,'COMISARIA GENERAL DE SEGURIDAD CIUDADANA DE NEZAHUALCOYOTL',931,6,NULL,'2026-05-26 19:20:15',NULL),(17,18,2,'COMISARÍA GENERAL DE SEGURIDAD CIUDADANA',290,2,NULL,'2026-05-26 19:22:11',NULL),(18,19,2,'Hdhdhd',225,1,NULL,'2026-05-26 19:32:15',NULL),(19,20,2,'rhrh',694,2,NULL,'2026-05-26 19:45:53',NULL),(20,21,2,'ayuntamiento',313,1,NULL,'2026-05-26 19:47:01',NULL),(21,22,2,'FHFH',931,4,'GFHFHFH','2026-05-26 20:43:35',NULL),(22,23,1,'FISCALIA',36,2,NULL,'2026-05-26 20:50:39',NULL),(23,24,1,'CGSC',739,6,NULL,'2026-05-26 21:41:33',NULL),(24,25,1,'UNIDAD DE SIMPLIFICACION Y DIGITALIZACION',739,8,'JEFE DEPARTAMENTAL','2026-05-26 22:01:04',NULL),(25,26,2,'PRUEBA K',817,2,NULL,'2026-05-26 22:53:21',NULL),(26,27,2,'GDGSZJFDGJASGDJ',739,2,NULL,'2026-05-26 23:08:19',NULL),(27,28,2,'AYUNTAMIENTO',61,5,NULL,'2026-05-27 00:13:58',NULL),(28,29,2,'COMISARIA',62,NULL,NULL,'2026-05-27 00:20:30',NULL),(29,30,1,'AYUNTAMIENTO',684,4,'PERIODICO','2026-05-27 00:21:26',NULL),(30,31,2,'COMISARIA',318,NULL,NULL,'2026-05-27 00:21:54',NULL),(31,32,2,'COMISARIA',487,NULL,NULL,'2026-05-27 00:30:38',NULL),(32,33,1,'AYUNTAMIENTO',812,1,NULL,'2026-05-27 00:30:56',NULL),(33,34,2,'AYUNTAMIENTO',931,4,'NOTICIAS','2026-05-27 00:31:35',NULL);
/*!40000 ALTER TABLE `general` ENABLE KEYS */;
UNLOCK TABLES;

--
-- Table structure for table `municipio`
--

DROP TABLE IF EXISTS `municipio`;
/*!40101 SET @saved_cs_client     = @@character_set_client */;
/*!50503 SET character_set_client = utf8mb4 */;
CREATE TABLE `municipio` (
  `id_municipio` int(11) NOT NULL AUTO_INCREMENT,
  `id_estado` int(11) DEFAULT NULL,
  `municipio` varchar(45) NOT NULL,
  PRIMARY KEY (`id_municipio`),
  KEY `id_estado_idx` (`id_estado`),
  CONSTRAINT `id_estado` FOREIGN KEY (`id_estado`) REFERENCES `estado` (`id_estado`) ON DELETE NO ACTION ON UPDATE NO ACTION
) ENGINE=InnoDB AUTO_INCREMENT=2484 DEFAULT CHARSET=utf8mb4 COLLATE=utf8mb4_unicode_520_ci;
/*!40101 SET character_set_client = @saved_cs_client */;

--
-- Dumping data for table `municipio`
--

LOCK TABLES `municipio` WRITE;
/*!40000 ALTER TABLE `municipio` DISABLE KEYS */;
INSERT INTO `municipio` VALUES (4,2,'Zapopan'),(5,2,'Tlaquepaque'),(6,2,'Puerto Vallarta'),(10,4,'Aguascalientes'),(11,4,'Asientos'),(12,4,'Calvillo'),(13,4,'Cosío'),(14,4,'El Llano'),(15,4,'Jesús María'),(16,4,'Pabellón de Arteaga'),(17,4,'Rincón de Romos'),(18,4,'San Francisco de los Romo'),(19,4,'San José de Gracia'),(20,4,'Tepezalá'),(21,5,'Ensenada'),(22,5,'Mexicali'),(23,5,'Playas de Rosarito'),(24,5,'San Felipe'),(25,5,'San Quintín'),(26,5,'Tecate'),(27,5,'Tijuana'),(28,6,'Comondú'),(29,6,'La Paz'),(30,6,'Loreto'),(31,6,'Los Cabos'),(32,6,'Mulegé'),(33,7,'Calakmul'),(34,7,'Calkiní'),(35,7,'Campeche'),(36,7,'Candelaria'),(37,7,'Carmen'),(38,7,'Champotón'),(39,7,'Dzitbalché'),(40,7,'Escárcega'),(41,7,'Hecelchakán'),(42,7,'Hopelchén'),(43,7,'Palizada'),(44,7,'Seybaplaya'),(45,7,'Tenabo'),(46,8,'Abasolo'),(47,8,'Acuña'),(48,8,'Allende'),(49,8,'Arteaga'),(50,8,'Candela'),(51,8,'Castaños'),(52,8,'Cuatro Ciénegas'),(53,8,'Escobedo'),(54,8,'Francisco I. Madero'),(55,8,'Frontera'),(56,8,'General Cepeda'),(57,8,'Guerrero'),(58,8,'Hidalgo'),(59,8,'Jiménez'),(60,8,'Juárez'),(61,8,'Lamadrid'),(62,8,'Matamoros'),(63,8,'Monclova'),(64,8,'Morelos'),(65,8,'Múzquiz'),(66,8,'Nadadores'),(67,8,'Nava'),(68,8,'Ocampo'),(69,8,'Parras'),(70,8,'Piedras Negras'),(71,8,'Progreso'),(72,8,'Ramos Arizpe'),(73,8,'Sabinas'),(74,8,'Sacramento'),(75,8,'Saltillo'),(76,8,'San Buenaventura'),(77,8,'San Juan de Sabinas'),(78,8,'San Pedro'),(79,8,'Sierra Mojada'),(80,8,'Torreón'),(81,8,'Viesca'),(82,8,'Villa Unión'),(83,8,'Zaragoza'),(84,9,'Armería'),(85,9,'Colima'),(86,9,'Comala'),(87,9,'Coquimatlán'),(88,9,'Cuauhtémoc'),(89,9,'Ixtlahuacán'),(90,9,'Manzanillo'),(91,9,'Minatitlán'),(92,9,'Tecomán'),(93,9,'Villa de Álvarez'),(94,10,'Acacoyagua'),(95,10,'Acala'),(96,10,'Acapetahua'),(97,10,'Aldama'),(98,10,'Altamirano'),(99,10,'Amatenango de la Frontera'),(100,10,'Amatenango del Valle'),(101,10,'Amatán'),(102,10,'Arriaga'),(103,10,'Bejucal de Ocampo'),(104,10,'Bella Vista'),(105,10,'Benemérito de las Américas'),(106,10,'Berriozábal'),(107,10,'Bochil'),(108,10,'Cacahoatán'),(109,10,'Capitán Luis Ángel Vidal'),(110,10,'Catazajá'),(111,10,'Chalchihuitán'),(112,10,'Chamula'),(113,10,'Chanal'),(114,10,'Chapultenango'),(115,10,'Chenalhó'),(116,10,'Chiapa de Corzo'),(117,10,'Chiapilla'),(118,10,'Chicoasén'),(119,10,'Chicomuselo'),(120,10,'Chilón'),(121,10,'Cintalapa de Figueroa'),(122,10,'Coapilla'),(123,10,'Comitán de Domínguez'),(124,10,'Copainalá'),(125,10,'El Bosque'),(126,10,'El Parral'),(127,10,'El Porvenir'),(128,10,'Emiliano Zapata'),(129,10,'Escuintla'),(130,10,'Francisco León'),(131,10,'Frontera Comalapa'),(132,10,'Frontera Hidalgo'),(133,10,'Honduras de la Sierra'),(134,10,'Huehuetán'),(135,10,'Huitiupán'),(136,10,'Huixtla'),(137,10,'Huixtán'),(138,10,'Ixhuatán'),(139,10,'Ixtacomitán'),(140,10,'Ixtapa'),(141,10,'Ixtapangajoya'),(142,10,'Jiquipilas'),(143,10,'Jitotol'),(144,10,'Juárez'),(145,10,'La Concordia'),(146,10,'La Grandeza'),(147,10,'La Independencia'),(148,10,'La Libertad'),(149,10,'La Trinitaria'),(150,10,'Larráinzar'),(151,10,'Las Margaritas'),(152,10,'Las Rosas'),(153,10,'Mapastepec'),(154,10,'Maravilla Tenejapa'),(155,10,'Marqués de Comillas'),(156,10,'Mazapa de Madero'),(157,10,'Mazatán'),(158,10,'Metapa'),(159,10,'Mezcalapa'),(160,10,'Mitontic'),(161,10,'Montecristo de Guerrero'),(162,10,'Motozintla'),(163,10,'Nicolás Ruíz'),(164,10,'Ocosingo'),(165,10,'Ocotepec'),(166,10,'Ocozocoautla de Espinosa'),(167,10,'Ostuacán'),(168,10,'Osumacinta'),(169,10,'Oxchuc'),(170,10,'Palenque'),(171,10,'Pantelhó'),(172,10,'Pantepec'),(173,10,'Pichucalco'),(174,10,'Pijijiapan'),(175,10,'Pueblo Nuevo Solistahuacán'),(176,10,'Rayón'),(177,10,'Reforma'),(178,10,'Rincón Chamula San Pedro'),(179,10,'Sabanilla'),(180,10,'Salto de Agua'),(181,10,'San Andrés Duraznal'),(182,10,'San Cristóbal de las Casas'),(183,10,'San Fernando'),(184,10,'San Juan Cancuc'),(185,10,'San Lucas'),(186,10,'Santiago el Pinar'),(187,10,'Siltepec'),(188,10,'Simojovel'),(189,10,'Sitalá'),(190,10,'Socoltenango'),(191,10,'Solosuchiapa'),(192,10,'Soyaló'),(193,10,'Suchiapa'),(194,10,'Suchiate'),(195,10,'Sunuapa'),(196,10,'Tapachula'),(197,10,'Tapalapa'),(198,10,'Tapilula'),(199,10,'Tecpatán'),(200,10,'Tenejapa'),(201,10,'Teopisca'),(202,10,'Tila'),(203,10,'Tonalá'),(204,10,'Totolapa'),(205,10,'Tumbalá'),(206,10,'Tuxtla Chico'),(207,10,'Tuxtla Gutiérrez'),(208,10,'Tuzantán'),(209,10,'Tzimol'),(210,10,'Unión Juárez'),(211,10,'Venustiano Carranza'),(212,10,'Villa Comaltitlán'),(213,10,'Villa Corzo'),(214,10,'Villaflores'),(215,10,'Yajalón'),(216,10,'Zinacantán'),(217,10,'Ángel Albino Corzo'),(218,11,'Ahumada'),(219,11,'Aldama'),(220,11,'Allende'),(221,11,'Aquiles Serdán'),(222,11,'Ascensión'),(223,11,'Bachíniva'),(224,11,'Balleza'),(225,11,'Batopilas de Manuel Gómez Morín'),(226,11,'Bocoyna'),(227,11,'Buenaventura'),(228,11,'Camargo'),(229,11,'Carichí'),(230,11,'Casas Grandes'),(231,11,'Chihuahua'),(232,11,'Chínipas'),(233,11,'Coronado'),(234,11,'Coyame del Sotol'),(235,11,'Cuauhtémoc'),(236,11,'Cusihuiriachi'),(237,11,'Delicias'),(238,11,'Dr. Belisario Domínguez'),(239,11,'El Tule'),(240,11,'Galeana'),(241,11,'Gran Morelos'),(242,11,'Guachochi'),(243,11,'Guadalupe'),(244,11,'Guadalupe y Calvo'),(245,11,'Guazapares'),(246,11,'Guerrero'),(247,11,'Gómez Farías'),(248,11,'Hidalgo del Parral'),(249,11,'Huejotitán'),(250,11,'Ignacio Zaragoza'),(251,11,'Janos'),(252,11,'Jiménez'),(253,11,'Julimes'),(254,11,'Juárez'),(255,11,'La Cruz'),(256,11,'López'),(257,11,'Madera'),(258,11,'Maguarichi'),(259,11,'Manuel Benavides'),(260,11,'Matachí'),(261,11,'Matamoros'),(262,11,'Meoqui'),(263,11,'Morelos'),(264,11,'Moris'),(265,11,'Namiquipa'),(266,11,'Nonoava'),(267,11,'Nuevo Casas Grandes'),(268,11,'Ocampo'),(269,11,'Ojinaga'),(270,11,'Praxedis G. Guerrero'),(271,11,'Riva Palacio'),(272,11,'Rosales'),(273,11,'San Francisco de Borja'),(274,11,'San Francisco de Conchos'),(275,11,'San Francisco del Oro'),(276,11,'Santa Bárbara'),(277,11,'Santa Isabel'),(278,11,'Satevó'),(279,11,'Saucillo'),(280,11,'Temósachic'),(281,11,'Urique'),(282,11,'Uruachi'),(283,11,'Valle de Zaragoza'),(284,11,'Valle del Rosario'),(285,12,'Azcapotzalco'),(286,12,'Benito Juárez'),(287,12,'Coyoacán'),(288,12,'Cuajimalpa de Morelos'),(289,12,'Cuauhtémoc'),(290,12,'Gustavo A. Madero'),(291,12,'Iztacalco'),(292,12,'Iztapalapa'),(293,12,'La Magdalena Contreras'),(294,12,'Miguel Hidalgo'),(295,12,'Milpa Alta'),(296,12,'Tlalpan'),(297,12,'Tláhuac'),(298,12,'Venustiano Carranza'),(299,12,'Xochimilco'),(300,12,'Álvaro Obregón'),(301,13,'Canatlán'),(302,13,'Canelas'),(303,13,'Coneto de Comonfort'),(304,13,'Cuencamé'),(305,13,'Durango'),(306,13,'El Oro'),(307,13,'General Simón Bolívar'),(308,13,'Guadalupe Victoria'),(309,13,'Guanaceví'),(310,13,'Gómez Palacio'),(311,13,'Hidalgo'),(312,13,'Indé'),(313,13,'Lerdo'),(314,13,'Mapimí'),(315,13,'Mezquital'),(316,13,'Nazas'),(317,13,'Nombre de Dios'),(318,13,'Nuevo Ideal'),(319,13,'Ocampo'),(320,13,'Otáez'),(321,13,'Peñón Blanco'),(322,13,'Poanas'),(323,13,'Pueblo Nuevo'),(324,13,'Pánuco de Coronado'),(325,13,'Rodeo'),(326,13,'San Bernardo'),(327,13,'San Dimas'),(328,13,'San Juan de Guadalupe'),(329,13,'San Juan del Río'),(330,13,'San Luis del Cordero'),(331,13,'San Pedro del Gallo'),(332,13,'Santa Clara'),(333,13,'Santiago Papasquiaro'),(334,13,'Súchil'),(335,13,'Tamazula'),(336,13,'Tepehuanes'),(337,13,'Tlahualilo'),(338,13,'Topia'),(339,13,'Vicente Guerrero'),(340,14,'Abasolo'),(341,14,'Acámbaro'),(342,14,'Apaseo el Alto'),(343,14,'Apaseo el Grande'),(344,14,'Atarjea'),(345,14,'Celaya'),(346,14,'Comonfort'),(347,14,'Coroneo'),(348,14,'Cortazar'),(349,14,'Cuerámaro'),(350,14,'Doctor Mora'),(351,14,'Dolores Hidalgo Cuna de la Independencia Naci'),(352,14,'Guanajuato'),(353,14,'Huanímaro'),(354,14,'Irapuato'),(355,14,'Jaral del Progreso'),(356,14,'Jerécuaro'),(357,14,'León'),(358,14,'Manuel Doblado'),(359,14,'Moroleón'),(360,14,'Ocampo'),(361,14,'Pueblo Nuevo'),(362,14,'Purísima del Rincón'),(363,14,'Pénjamo'),(364,14,'Romita'),(365,14,'Salamanca'),(366,14,'Salvatierra'),(367,14,'San Diego de la Unión'),(368,14,'San Felipe'),(369,14,'San Francisco del Rincón'),(370,14,'San José de Iturbide'),(371,14,'San Luis de la Paz'),(372,14,'San Miguel de Allende'),(373,14,'Santa Catarina'),(374,14,'Santa Cruz de Juventino Rosas'),(375,14,'Santiago Maravatío'),(376,14,'Silao de la Victoria'),(377,14,'Tarandacuao'),(378,14,'Tarimoro'),(379,14,'Tierra Blanca'),(380,14,'Uriangato'),(381,14,'Valle de Santiago'),(382,14,'Victoria'),(383,14,'Villagrán'),(384,14,'Xichú'),(385,14,'Yuriria'),(386,15,'Acapulco de Juárez'),(387,15,'Acatepec'),(388,15,'Ahuacuotzingo'),(389,15,'Ajuchitlán del Progreso'),(390,15,'Alcozauca de Guerrero'),(391,15,'Alpoyeca'),(392,15,'Apaxtla de Castrejón'),(393,15,'Arcelia'),(394,15,'Atenango del Río'),(395,15,'Atlamajalcingo del Monte'),(396,15,'Atlixtac'),(397,15,'Atoyac de Álvarez'),(398,15,'Ayutla de los Libres'),(399,15,'Azoyú'),(400,15,'Benito Juárez'),(401,15,'Buenavista de Cuéllar'),(402,15,'Chilapa de Álvarez'),(403,15,'Chilpancingo de los Bravo'),(404,15,'Coahuayutla de José María Izazaga'),(405,15,'Cochoapa el Grande'),(406,15,'Cocula'),(407,15,'Copala'),(408,15,'Copalillo'),(409,15,'Copanatoyac'),(410,15,'Coyuca de Benítez'),(411,15,'Coyuca de Catalán'),(412,15,'Cuajinicuilapa'),(413,15,'Cualác'),(414,15,'Cuautepec'),(415,15,'Cuetzala del Progreso'),(416,15,'Cutzamala de Pinzón'),(417,15,'Eduardo Neri'),(418,15,'Florencio Villarreal'),(419,15,'General Canuto A. Neri'),(420,15,'General Heliodoro Castillo'),(421,15,'Huamuxtitlán'),(422,15,'Huitzuco de los Figueroa'),(423,15,'Iguala de la Independencia'),(424,15,'Igualapa'),(425,15,'Iliatenco'),(426,15,'Ixcateopan de Cuauhtémoc'),(427,15,'José Joaquín de Herrera'),(428,15,'Juan R. Escudero'),(429,15,'Juchitán'),(430,15,'La Unión de Isidoro Montes de Oca'),(431,15,'Las Vigas'),(432,15,'Leonardo Bravo'),(433,15,'Malinaltepec'),(434,15,'Marquelia'),(435,15,'Metlatónoc'),(436,15,'Mochitlán'),(437,15,'Mártir de Cuilapan'),(438,15,'Olinalá'),(439,15,'Ometepec'),(440,15,'Pedro Ascencio Alquisiras'),(441,15,'Petatlán'),(442,15,'Pilcaya'),(443,15,'Pungarabato'),(444,15,'Quechultenango'),(445,15,'San Luis Acatlán'),(446,15,'San Marcos'),(447,15,'San Miguel Totolapan'),(448,15,'San Nicolás'),(449,15,'Santa Cruz del Rincón'),(450,15,'Taxco de Alarcón'),(451,15,'Tecoanapa'),(452,15,'Teloloapan'),(453,15,'Tepecoacuilco de Trujano'),(454,15,'Tetipac'),(455,15,'Tixtla de Guerrero'),(456,15,'Tlacoachistlahuaca'),(457,15,'Tlacoapa'),(458,15,'Tlalchapa'),(459,15,'Tlalixtaquilla de Maldonado'),(460,15,'Tlapa de Comonfort'),(461,15,'Tlapehuala'),(462,15,'Técpan de Galeana'),(463,15,'Xalpatláhuac'),(464,15,'Xochihuehuetlán'),(465,15,'Xochistlahuaca'),(466,15,'Zapotitlán Tablas'),(467,15,'Zihuatanejo de Azueta'),(468,15,'Zirándaro'),(469,15,'Zitlala'),(470,15,'Ñuu Savi'),(471,16,'Acatlán'),(472,16,'Acaxochitlán'),(473,16,'Actopan'),(474,16,'Agua Blanca de Iturbide'),(475,16,'Ajacuba'),(476,16,'Alfajayucan'),(477,16,'Almoloya'),(478,16,'Apan'),(479,16,'Atitalaquia'),(480,16,'Atlapexco'),(481,16,'Atotonilco de Tula'),(482,16,'Atotonilco el Grande'),(483,16,'Calnali'),(484,16,'Cardonal'),(485,16,'Chapantongo'),(486,16,'Chapulhuacán'),(487,16,'Chilcuautla'),(488,16,'Cuautepec de Hinojosa'),(489,16,'El Arenal'),(490,16,'Eloxochitlán'),(491,16,'Emiliano Zapata'),(492,16,'Epazoyucan'),(493,16,'Francisco I. Madero'),(494,16,'Huasca de Ocampo'),(495,16,'Huautla'),(496,16,'Huazalingo'),(497,16,'Huehuetla'),(498,16,'Huejutla de Reyes'),(499,16,'Huichapan'),(500,16,'Ixmiquilpan'),(501,16,'Jacala de Ledezma'),(502,16,'Jaltocán'),(503,16,'Juárez Hidalgo'),(504,16,'La Misión'),(505,16,'Lolotla'),(506,16,'Metepec'),(507,16,'Metztitlán'),(508,16,'Mineral de la Reforma'),(509,16,'Mineral del Chico'),(510,16,'Mineral del Monte'),(511,16,'Mixquiahuala de Juárez'),(512,16,'Molango de Escamilla'),(513,16,'Nicolás Flores'),(514,16,'Nopala de Villagrán'),(515,16,'Omitlán de Juárez'),(516,16,'Pachuca de Soto'),(517,16,'Pacula'),(518,16,'Pisaflores'),(519,16,'Progreso de Obregón'),(520,16,'San Agustín Metzquititlán'),(521,16,'San Agustín Tlaxiaca'),(522,16,'San Bartolo Tutotepec'),(523,16,'San Felipe Orizatlán'),(524,16,'San Salvador'),(525,16,'Santiago Tulantepec de Lugo Guerrero'),(526,16,'Santiago de Anaya'),(527,16,'Singuilucan'),(528,16,'Tasquillo'),(529,16,'Tecozautla'),(530,16,'Tenango de Doria'),(531,16,'Tepeapulco'),(532,16,'Tepehuacán de Guerrero'),(533,16,'Tepeji del Río de Ocampo'),(534,16,'Tepetitlán'),(535,16,'Tetepango'),(536,16,'Tezontepec de Aldama'),(537,16,'Tianguistengo'),(538,16,'Tizayuca'),(539,16,'Tlahuelilpan'),(540,16,'Tlahuiltepa'),(541,16,'Tlanalapa'),(542,16,'Tlanchinol'),(543,16,'Tlaxcoapan'),(544,16,'Tolcayuca'),(545,16,'Tula de Allende'),(546,16,'Tulancingo de Bravo'),(547,16,'Villa de Tezontepec'),(548,16,'Xochiatipan'),(549,16,'Xochicoatlán'),(550,16,'Yahualica'),(551,16,'Zacualtipán de Ángeles'),(552,16,'Zapotlán de Juárez'),(553,16,'Zempoala'),(554,16,'Zimapán'),(555,2,'Acatic'),(556,2,'Acatlán de Juárez'),(557,2,'Ahualulco de Mercado'),(558,2,'Amacueca'),(559,2,'Amatitán'),(560,2,'Ameca'),(561,2,'Arandas'),(562,2,'Atemajac de Brizuela'),(563,2,'Atengo'),(564,2,'Atenguillo'),(565,2,'Atotonilco el Alto'),(566,2,'Atoyac'),(567,2,'Autlán de Navarro'),(568,2,'Ayotlán'),(569,2,'Ayutla'),(570,2,'Bolaños'),(571,2,'Cabo Corrientes'),(572,2,'Casimiro Castillo'),(573,2,'Cañadas de Obregón'),(574,2,'Chapala'),(575,2,'Chimaltitán'),(576,2,'Chiquilistlán'),(577,2,'Cihuatlán'),(578,2,'Cocula'),(579,2,'Colotlán'),(580,2,'Concepción de Buenos Aires'),(581,2,'Cuautitlán de García Barragán'),(582,2,'Cuautla'),(583,2,'Cuquío'),(584,2,'Degollado'),(585,2,'Ejutla'),(586,2,'El Arenal'),(587,2,'El Grullo'),(588,2,'El Limón'),(589,2,'El Salto'),(590,2,'Encarnación de Díaz'),(591,2,'Etzatlán'),(592,2,'Guachinango'),(593,2,'Guadalajara'),(594,2,'Gómez Farías'),(595,2,'Hostotipaquillo'),(596,2,'Huejuquilla el Alto'),(597,2,'Huejúcar'),(598,2,'Ixtlahuacán de los Membrillos'),(599,2,'Ixtlahuacán del Río'),(600,2,'Jalostotitlán'),(601,2,'Jamay'),(602,2,'Jesús María'),(603,2,'Jilotlán de los Dolores'),(604,2,'Jocotepec'),(605,2,'Juanacatlán'),(606,2,'Juchitlán'),(607,2,'La Barca'),(608,2,'La Huerta'),(609,2,'La Manzanilla de la Paz'),(610,2,'Lagos de Moreno'),(611,2,'Magdalena'),(612,2,'Mascota'),(613,2,'Mazamitla'),(614,2,'Mexticacán'),(615,2,'Mezquitic'),(616,2,'Mixtlán'),(617,2,'Ocotlán'),(618,2,'Ojuelos de Jalisco'),(619,2,'Pihuamo'),(620,2,'Poncitlán'),(621,2,'Quitupan'),(622,2,'San Cristóbal de la Barranca'),(623,2,'San Diego de Alejandría'),(624,2,'San Gabriel'),(625,2,'San Ignacio Cerro Gordo'),(626,2,'San Juan de los Lagos'),(627,2,'San Juanito de Escobedo'),(628,2,'San Julián'),(629,2,'San Marcos'),(630,2,'San Martín Hidalgo'),(631,2,'San Martín de Bolaños'),(632,2,'San Miguel el Alto'),(633,2,'San Pedro Tlaquepaque'),(634,2,'San Sebastián del Oeste'),(635,2,'Santa María de los Ángeles'),(636,2,'Santa María del Oro'),(637,2,'Sayula'),(638,2,'Tala'),(639,2,'Talpa de Allende'),(640,2,'Tamazula de Gordiano'),(641,2,'Tapalpa'),(642,2,'Tecalitlán'),(643,2,'Techaluta de Montenegro'),(644,2,'Tecolotlán'),(645,2,'Tenamaxtlán'),(646,2,'Teocaltiche'),(647,2,'Teocuitatlán de Corona'),(648,2,'Tepatitlán de Morelos'),(649,2,'Tequila'),(650,2,'Teuchitlán'),(651,2,'Tizapán el Alto'),(652,2,'Tlajomulco de Zúñiga'),(653,2,'Tolimán'),(654,2,'Tomatlán'),(655,2,'Tonalá'),(656,2,'Tonaya'),(657,2,'Tonila'),(658,2,'Totatiche'),(659,2,'Tototlán'),(660,2,'Tuxcacuesco'),(661,2,'Tuxcueca'),(662,2,'Tuxpan'),(663,2,'Unión de San Antonio'),(664,2,'Unión de Tula'),(665,2,'Valle de Guadalupe'),(666,2,'Valle de Juárez'),(667,2,'Villa Corona'),(668,2,'Villa Guerrero'),(669,2,'Villa Hidalgo'),(670,2,'Villa Purificación'),(671,2,'Yahualica de González Gallo'),(672,2,'Zacoalco de Torres'),(673,2,'Zapotiltic'),(674,2,'Zapotitlán de Vadillo'),(675,2,'Zapotlanejo'),(676,2,'Zapotlán del Rey'),(677,2,'Zapotlán el Grande'),(678,17,'Acambay de Ruíz Castañeda'),(679,17,'Acolman'),(680,17,'Aculco'),(681,17,'Almoloya de Alquisiras'),(682,17,'Almoloya de Juárez'),(683,17,'Almoloya del Río'),(684,17,'Amanalco'),(685,17,'Amatepec'),(686,17,'Amecameca'),(687,17,'Apaxco'),(688,17,'Atenco'),(689,17,'Atizapán'),(690,17,'Atizapán de Zaragoza'),(691,17,'Atlacomulco'),(692,17,'Atlautla'),(693,17,'Axapusco'),(694,17,'Ayapango'),(695,17,'Calimaya'),(696,17,'Capulhuac'),(697,17,'Chalco'),(698,17,'Chapa de Mota'),(699,17,'Chapultepec'),(700,17,'Chiautla'),(701,17,'Chicoloapan'),(702,17,'Chiconcuac'),(703,17,'Chimalhuacán'),(704,17,'Coacalco de Berriozábal'),(705,17,'Coatepec Harinas'),(706,17,'Cocotitlán'),(707,17,'Coyotepec'),(708,17,'Cuautitlán'),(709,17,'Cuautitlán Izcalli'),(710,17,'Donato Guerra'),(711,17,'Ecatepec de Morelos'),(712,17,'Ecatzingo'),(713,17,'El Oro'),(714,17,'Huehuetoca'),(715,17,'Hueypoxtla'),(716,17,'Huixquilucan'),(717,17,'Isidro Fabela'),(718,17,'Ixtapaluca'),(719,17,'Ixtapan de la Sal'),(720,17,'Ixtapan del Oro'),(721,17,'Ixtlahuaca'),(722,17,'Jaltenco'),(723,17,'Jilotepec'),(724,17,'Jilotzingo'),(725,17,'Jiquipilco'),(726,17,'Jocotitlán'),(727,17,'Joquicingo'),(728,17,'Juchitepec'),(729,17,'La Paz'),(730,17,'Lerma'),(731,17,'Luvianos'),(732,17,'Malinalco'),(733,17,'Melchor Ocampo'),(734,17,'Metepec'),(735,17,'Mexicaltzingo'),(736,17,'Morelos'),(737,17,'Naucalpan de Juárez'),(738,17,'Nextlalpan'),(739,17,'Nezahualcóyotl'),(740,17,'Nicolás Romero'),(741,17,'Nopaltepec'),(742,17,'Ocoyoacac'),(743,17,'Ocuilan'),(744,17,'Otumba'),(745,17,'Otzoloapan'),(746,17,'Otzolotepec'),(747,17,'Ozumba'),(748,17,'Papalotla'),(749,17,'Polotitlán'),(750,17,'Rayón'),(751,17,'San Antonio la Isla'),(752,17,'San Felipe del Progreso'),(753,17,'San José del Rincón'),(754,17,'San Martín de las Pirámides'),(755,17,'San Mateo Atenco'),(756,17,'San Simón de Guerrero'),(757,17,'Santo Tomás'),(758,17,'Soyaniquilpan de Juárez'),(759,17,'Sultepec'),(760,17,'Tecámac'),(761,17,'Tejupilco'),(762,17,'Temamatla'),(763,17,'Temascalapa'),(764,17,'Temascalcingo'),(765,17,'Temascaltepec'),(766,17,'Temoaya'),(767,17,'Tenancingo'),(768,17,'Tenango del Aire'),(769,17,'Tenango del Valle'),(770,17,'Teoloyucan'),(771,17,'Teotihuacán'),(772,17,'Tepetlaoxtoc'),(773,17,'Tepetlixpa'),(774,17,'Tepotzotlán'),(775,17,'Tequixquiac'),(776,17,'Texcaltitlán'),(777,17,'Texcalyacac'),(778,17,'Texcoco'),(779,17,'Tezoyuca'),(780,17,'Tianguistenco'),(781,17,'Timilpan'),(782,17,'Tlalmanalco'),(783,17,'Tlalnepantla de Baz'),(784,17,'Tlatlaya'),(785,17,'Toluca'),(786,17,'Tonanitla'),(787,17,'Tonatico'),(788,17,'Tultepec'),(789,17,'Tultitlán'),(790,17,'Valle de Bravo'),(791,17,'Valle de Chalco Solidaridad'),(792,17,'Villa Guerrero'),(793,17,'Villa Victoria'),(794,17,'Villa de Allende'),(795,17,'Villa del Carbón'),(796,17,'Xalatlaco'),(797,17,'Xonacatlán'),(798,17,'Zacazonapan'),(799,17,'Zacualpan'),(800,17,'Zinacantepec'),(801,17,'Zumpahuacán'),(802,17,'Zumpango'),(803,18,'Acuitzio'),(804,18,'Aguililla'),(805,18,'Angamacutiro'),(806,18,'Angangueo'),(807,18,'Apatzingán'),(808,18,'Aporo'),(809,18,'Aquila'),(810,18,'Ario'),(811,18,'Arteaga'),(812,18,'Briseñas'),(813,18,'Buenavista'),(814,18,'Carácuaro'),(815,18,'Charapan'),(816,18,'Charo'),(817,18,'Chavinda'),(818,18,'Cherán'),(819,18,'Chilchota'),(820,18,'Chinicuila'),(821,18,'Chucándiro'),(822,18,'Churintzio'),(823,18,'Churumuco'),(824,18,'Coahuayana'),(825,18,'Coalcomán de Vázquez Pallares'),(826,18,'Coeneo'),(827,18,'Cojumatlán de Régules'),(828,18,'Contepec'),(829,18,'Copándaro'),(830,18,'Cotija'),(831,18,'Cuitzeo'),(832,18,'Ecuandureo'),(833,18,'Epitacio Huerta'),(834,18,'Erongarícuaro'),(835,18,'Gabriel Zamora'),(836,18,'Hidalgo'),(837,18,'Huandacareo'),(838,18,'Huaniqueo'),(839,18,'Huetamo'),(840,18,'Huiramba'),(841,18,'Indaparapeo'),(842,18,'Irimbo'),(843,18,'Ixtlán'),(844,18,'Jacona'),(845,18,'Jiménez'),(846,18,'Jiquilpan'),(847,18,'José Sixto Verduzco'),(848,18,'Jungapeo'),(849,18,'Juárez'),(850,18,'La Huacana'),(851,18,'La Piedad'),(852,18,'Lagunillas'),(853,18,'Los Reyes'),(854,18,'Lázaro Cárdenas'),(855,18,'Madero'),(856,18,'Maravatío'),(857,18,'Marcos Castellanos'),(858,18,'Morelia'),(859,18,'Morelos'),(860,18,'Múgica'),(861,18,'Nahuatzen'),(862,18,'Nocupétaro'),(863,18,'Nuevo Parangaricutiro'),(864,18,'Nuevo Urecho'),(865,18,'Numarán'),(866,18,'Ocampo'),(867,18,'Pajacuarán'),(868,18,'Panindícuaro'),(869,18,'Paracho'),(870,18,'Parácuaro'),(871,18,'Penjamillo'),(872,18,'Peribán'),(873,18,'Puruándiro'),(874,18,'Purépero'),(875,18,'Pátzcuaro'),(876,18,'Queréndaro'),(877,18,'Quiroga'),(878,18,'Sahuayo'),(879,18,'Salvador Escalante'),(880,18,'San Lucas'),(881,18,'Santa Ana Maya'),(882,18,'Senguio'),(883,18,'Susupuato'),(884,18,'Tacámbaro'),(885,18,'Tancítaro'),(886,18,'Tangamandapio'),(887,18,'Tangancícuaro'),(888,18,'Tanhuato'),(889,18,'Taretan'),(890,18,'Tarímbaro'),(891,18,'Tepalcatepec'),(892,18,'Tingambato'),(893,18,'Tingüindín'),(894,18,'Tiquicheo de Nicolás Romero'),(895,18,'Tlalpujahua'),(896,18,'Tlazazalca'),(897,18,'Tocumbo'),(898,18,'Tumbiscatío'),(899,18,'Turicato'),(900,18,'Tuxpan'),(901,18,'Tuzantla'),(902,18,'Tzintzuntzan'),(903,18,'Tzitzio'),(904,18,'Uruapan'),(905,18,'Venustiano Carranza'),(906,18,'Villamar'),(907,18,'Vista Hermosa'),(908,18,'Yurécuaro'),(909,18,'Zacapu'),(910,18,'Zamora'),(911,18,'Zinapécuaro'),(912,18,'Zináparo'),(913,18,'Ziracuaretiro'),(914,18,'Zitácuaro'),(915,18,'Álvaro Obregón'),(916,19,'Amacuzac'),(917,19,'Atlatlahucan'),(918,19,'Axochiapan'),(919,19,'Ayala'),(920,19,'Coatetelco'),(921,19,'Coatlán del Río'),(922,19,'Cuautla'),(923,19,'Cuernavaca'),(924,19,'Emiliano Zapata'),(925,19,'Hueyapan'),(926,19,'Huitzilac'),(927,19,'Jantetelco'),(928,19,'Jiutepec'),(929,19,'Jojutla'),(930,19,'Jonacatepec de Leandro Valle'),(931,19,'Mazatepec'),(932,19,'Miacatlán'),(933,19,'Ocuituco'),(934,19,'Puente de Ixtla'),(935,19,'Temixco'),(936,19,'Temoac'),(937,19,'Tepalcingo'),(938,19,'Tepoztlán'),(939,19,'Tetecala'),(940,19,'Tetela del Volcán'),(941,19,'Tlalnepantla'),(942,19,'Tlaltizapán de Zapata'),(943,19,'Tlaquiltenango'),(944,19,'Tlayacapan'),(945,19,'Totolapan'),(946,19,'Xochitepec'),(947,19,'Xoxocotla'),(948,19,'Yautepec'),(949,19,'Yecapixtla'),(950,19,'Zacatepec'),(951,19,'Zacualpan de Amilpas'),(952,20,'Acaponeta'),(953,20,'Ahuacatlán'),(954,20,'Amatlán de Cañas'),(955,20,'Bahía de Banderas'),(956,20,'Compostela'),(957,20,'Del Nayar'),(958,20,'Huajicori'),(959,20,'Ixtlán del Río'),(960,20,'Jala'),(961,20,'La Yesca'),(962,20,'Rosamorada'),(963,20,'Ruíz'),(964,20,'San Blas'),(965,20,'San Pedro Lagunillas'),(966,20,'Santa María del Oro'),(967,20,'Santiago Ixcuintla'),(968,20,'Tecuala'),(969,20,'Tepic'),(970,20,'Tuxpan'),(971,20,'Xalisco'),(972,21,'Abasolo'),(973,21,'Agualeguas'),(974,21,'Allende'),(975,21,'Anáhuac'),(976,21,'Apodaca'),(977,21,'Aramberri'),(978,21,'Bustamante'),(979,21,'Cadereyta Jiménez'),(980,21,'Cerralvo'),(981,21,'China'),(982,21,'Ciénega de Flores'),(983,21,'Doctor Arroyo'),(984,21,'Doctor Coss'),(985,21,'Doctor González'),(986,21,'El Carmen'),(987,21,'Galeana'),(988,21,'García'),(989,21,'General Bravo'),(990,21,'General Escobedo'),(991,21,'General Terán'),(992,21,'General Treviño'),(993,21,'General Zaragoza'),(994,21,'General Zuazua'),(995,21,'Guadalupe'),(996,21,'Hidalgo'),(997,21,'Higueras'),(998,21,'Hualahuises'),(999,21,'Iturbide'),(1000,21,'Juárez'),(1001,21,'Lampazos de Naranjo'),(1002,21,'Linares'),(1003,21,'Los Aldamas'),(1004,21,'Los Herreras'),(1005,21,'Los Ramones'),(1006,21,'Marín'),(1007,21,'Melchor Ocampo'),(1008,21,'Mier y Noriega'),(1009,21,'Mina'),(1010,21,'Montemorelos'),(1011,21,'Monterrey'),(1012,21,'Parás'),(1013,21,'Pesquería'),(1014,21,'Rayones'),(1015,21,'Sabinas Hidalgo'),(1016,21,'Salinas Victoria'),(1017,21,'San Nicolás de los Garza'),(1018,21,'San Pedro Garza García'),(1019,21,'Santa Catarina'),(1020,21,'Santiago'),(1021,21,'Vallecillo'),(1022,21,'Villaldama'),(1023,22,'Abejones'),(1024,22,'Acatlán de Pérez Figueroa'),(1025,22,'Asunción Cacalotepec'),(1026,22,'Asunción Cuyotepeji'),(1027,22,'Asunción Ixtaltepec'),(1028,22,'Asunción Nochixtlán'),(1029,22,'Asunción Ocotlán'),(1030,22,'Asunción Tlacolulita'),(1031,22,'Ayoquezco de Aldama'),(1032,22,'Ayotzintepec'),(1033,22,'Calihualá'),(1034,22,'Candelaria Loxicha'),(1035,22,'Capulálpam de Méndez'),(1036,22,'Chahuites'),(1037,22,'Chalcatongo de Hidalgo'),(1038,22,'Chiquihuitlán de Benito Juárez'),(1039,22,'Ciudad Ixtepec'),(1040,22,'Ciénega de Zimatlán'),(1041,22,'Coatecas Altas'),(1042,22,'Coicoyán de las Flores'),(1043,22,'Concepción Buenavista'),(1044,22,'Concepción Pápalo'),(1045,22,'Constancia del Rosario'),(1046,22,'Cosolapa'),(1047,22,'Cosoltepec'),(1048,22,'Cuilápam de Guerrero'),(1049,22,'Cuyamecalco Villa de Zaragoza'),(1050,22,'El Barrio de la Soledad'),(1051,22,'El Espinal'),(1052,22,'Eloxochitlán de Flores Magón'),(1053,22,'Fresnillo de Trujano'),(1054,22,'Guadalupe Etla'),(1055,22,'Guadalupe de Ramírez'),(1056,22,'Guelatao de Juárez'),(1057,22,'Guevea de Humboldt'),(1058,22,'Heroica Ciudad de Ejutla de Crespo'),(1059,22,'Heroica Ciudad de Huajuapan de León'),(1060,22,'Heroica Ciudad de Juchitán de Zaragoza'),(1061,22,'Heroica Ciudad de Miahuatlán de Porfirio Díaz'),(1062,22,'Heroica Ciudad de Tlaxiaco'),(1063,22,'Heroica Villa Tezoatlán de Segura y Luna, Cun'),(1064,22,'Heroica Villa de San Blas Atempa'),(1065,22,'Heroico San Martín de los Cansecos'),(1066,22,'Huautepec'),(1067,22,'Huautla de Jiménez'),(1068,22,'Ixpantepec Nieves'),(1069,22,'Ixtlán de Juárez'),(1070,22,'La Compañía'),(1071,22,'La Pe'),(1072,22,'La Reforma'),(1073,22,'La Trinidad Vista Hermosa'),(1074,22,'Loma Bonita'),(1075,22,'Magdalena Apasco'),(1076,22,'Magdalena Jaltepec'),(1077,22,'Magdalena Mixtepec'),(1078,22,'Magdalena Ocotlán'),(1079,22,'Magdalena Peñasco'),(1080,22,'Magdalena Teitipac'),(1081,22,'Magdalena Tequisistlán'),(1082,22,'Magdalena Tlacotepec'),(1083,22,'Magdalena Yodocono de Porfirio Díaz'),(1084,22,'Magdalena Zahuatlán'),(1085,22,'Mariscala de Juárez'),(1086,22,'Matías Romero Avendaño'),(1087,22,'Mazatlán Villa de Flores'),(1088,22,'Mesones Hidalgo'),(1089,22,'Mixistlán de la Reforma'),(1090,22,'Monjas'),(1091,22,'Mártires de Tacubaya'),(1092,22,'Natividad'),(1093,22,'Nazareno Etla'),(1094,22,'Nejapa de Madero'),(1095,22,'Nuevo Zoquiápam'),(1096,22,'Oaxaca de Juárez'),(1097,22,'Ocotlán de Morelos'),(1098,22,'Pinotepa de Don Luis'),(1099,22,'Pluma Hidalgo'),(1100,22,'Putla Villa de Guerrero'),(1101,22,'Reforma de Pineda'),(1102,22,'Reyes Etla'),(1103,22,'Rojas de Cuauhtémoc'),(1104,22,'Salina Cruz'),(1105,22,'San Agustín Amatengo'),(1106,22,'San Agustín Atenango'),(1107,22,'San Agustín Chayuco'),(1108,22,'San Agustín Etla'),(1109,22,'San Agustín Loxicha'),(1110,22,'San Agustín Tlacotepec'),(1111,22,'San Agustín Yatareni'),(1112,22,'San Agustín de las Juntas'),(1113,22,'San Andrés Cabecera Nueva'),(1114,22,'San Andrés Dinicuiti'),(1115,22,'San Andrés Huaxpaltepec'),(1116,22,'San Andrés Huayápam'),(1117,22,'San Andrés Ixtlahuaca'),(1118,22,'San Andrés Lagunas'),(1119,22,'San Andrés Nuxiño'),(1120,22,'San Andrés Paxtlán'),(1121,22,'San Andrés Sinaxtla'),(1122,22,'San Andrés Solaga'),(1123,22,'San Andrés Teotilálpam'),(1124,22,'San Andrés Tepetlapa'),(1125,22,'San Andrés Yaá'),(1126,22,'San Andrés Zabache'),(1127,22,'San Andrés Zautla'),(1128,22,'San Antonino Castillo Velasco'),(1129,22,'San Antonino Monte Verde'),(1130,22,'San Antonino el Alto'),(1131,22,'San Antonio Acutla'),(1132,22,'San Antonio Huitepec'),(1133,22,'San Antonio Nanahuatípam'),(1134,22,'San Antonio Sinicahua'),(1135,22,'San Antonio Tepetlapa'),(1136,22,'San Antonio de la Cal'),(1137,22,'San Baltazar Chichicápam'),(1138,22,'San Baltazar Loxicha'),(1139,22,'San Baltazar Yatzachi el Bajo'),(1140,22,'San Bartolo Coyotepec'),(1141,22,'San Bartolo Soyaltepec'),(1142,22,'San Bartolo Yautepec'),(1143,22,'San Bartolomé Ayautla'),(1144,22,'San Bartolomé Loxicha'),(1145,22,'San Bartolomé Quialana'),(1146,22,'San Bartolomé Yucuañe'),(1147,22,'San Bartolomé Zoogocho'),(1148,22,'San Bernardo Mixtepec'),(1149,22,'San Carlos Yautepec'),(1150,22,'San Cristóbal Amatlán'),(1151,22,'San Cristóbal Amoltepec'),(1152,22,'San Cristóbal Lachirioag'),(1153,22,'San Cristóbal Suchixtlahuaca'),(1154,22,'San Dionisio Ocotepec'),(1155,22,'San Dionisio Ocotlán'),(1156,22,'San Dionisio del Mar'),(1157,22,'San Esteban Atatlahuca'),(1158,22,'San Felipe Jalapa de Díaz'),(1159,22,'San Felipe Tejalápam'),(1160,22,'San Felipe Usila'),(1161,22,'San Francisco Cahuacuá'),(1162,22,'San Francisco Cajonos'),(1163,22,'San Francisco Chapulapa'),(1164,22,'San Francisco Chindúa'),(1165,22,'San Francisco Huehuetlán'),(1166,22,'San Francisco Ixhuatán'),(1167,22,'San Francisco Jaltepetongo'),(1168,22,'San Francisco Lachigoló'),(1169,22,'San Francisco Logueche'),(1170,22,'San Francisco Nuxaño'),(1171,22,'San Francisco Ozolotepec'),(1172,22,'San Francisco Sola'),(1173,22,'San Francisco Telixtlahuaca'),(1174,22,'San Francisco Teopan'),(1175,22,'San Francisco Tlapancingo'),(1176,22,'San Francisco del Mar'),(1177,22,'San Gabriel Mixtepec'),(1178,22,'San Ildefonso Amatlán'),(1179,22,'San Ildefonso Sola'),(1180,22,'San Ildefonso Villa Alta'),(1181,22,'San Jacinto Amilpas'),(1182,22,'San Jacinto Tlacotepec'),(1183,22,'San Jerónimo Coatlán'),(1184,22,'San Jerónimo Silacayoapilla'),(1185,22,'San Jerónimo Sosola'),(1186,22,'San Jerónimo Taviche'),(1187,22,'San Jerónimo Tecóatl'),(1188,22,'San Jerónimo Tlacochahuaya'),(1189,22,'San Jorge Nuchita'),(1190,22,'San José Ayuquila'),(1191,22,'San José Chiltepec'),(1192,22,'San José Estancia Grande'),(1193,22,'San José Independencia'),(1194,22,'San José Lachiguiri'),(1195,22,'San José Tenango'),(1196,22,'San José del Peñasco'),(1197,22,'San José del Progreso'),(1198,22,'San Juan Achiutla'),(1199,22,'San Juan Atepec'),(1200,22,'San Juan Bautista Atatlahuca'),(1201,22,'San Juan Bautista Coixtlahuaca'),(1202,22,'San Juan Bautista Cuicatlán'),(1203,22,'San Juan Bautista Guelache'),(1204,22,'San Juan Bautista Jayacatlán'),(1205,22,'San Juan Bautista Lo de Soto'),(1206,22,'San Juan Bautista Suchitepec'),(1207,22,'San Juan Bautista Tlachichilco'),(1208,22,'San Juan Bautista Tlacoatzintepec'),(1209,22,'San Juan Bautista Tuxtepec'),(1210,22,'San Juan Bautista Valle Nacional'),(1211,22,'San Juan Cacahuatepec'),(1212,22,'San Juan Chicomezúchil'),(1213,22,'San Juan Chilateca'),(1214,22,'San Juan Cieneguilla'),(1215,22,'San Juan Coatzóspam'),(1216,22,'San Juan Colorado'),(1217,22,'San Juan Comaltepec'),(1218,22,'San Juan Cotzocón'),(1219,22,'San Juan Diuxi'),(1220,22,'San Juan Evangelista Analco'),(1221,22,'San Juan Guelavía'),(1222,22,'San Juan Guichicovi'),(1223,22,'San Juan Ihualtepec'),(1224,22,'San Juan Juquila Mixes'),(1225,22,'San Juan Juquila Vijanos'),(1226,22,'San Juan Lachao'),(1227,22,'San Juan Lachigalla'),(1228,22,'San Juan Lajarcia'),(1229,22,'San Juan Lalana'),(1230,22,'San Juan Mazatlán'),(1231,22,'San Juan Mixtepec'),(1232,22,'San Juan Ozolotepec'),(1233,22,'San Juan Petlapa'),(1234,22,'San Juan Quiahije'),(1235,22,'San Juan Quiotepec'),(1236,22,'San Juan Sayultepec'),(1237,22,'San Juan Tabaá'),(1238,22,'San Juan Tamazola'),(1239,22,'San Juan Teita'),(1240,22,'San Juan Teitipac'),(1241,22,'San Juan Tepeuxila'),(1242,22,'San Juan Teposcolula'),(1243,22,'San Juan Yaeé'),(1244,22,'San Juan Yatzona'),(1245,22,'San Juan Yucuita'),(1246,22,'San Juan de los Cués'),(1247,22,'San Juan del Estado'),(1248,22,'San Juan del Río'),(1249,22,'San Juan Ñumí'),(1250,22,'San Lorenzo'),(1251,22,'San Lorenzo Albarradas'),(1252,22,'San Lorenzo Cacaotepec'),(1253,22,'San Lorenzo Cuaunecuiltitla'),(1254,22,'San Lorenzo Texmelúcan'),(1255,22,'San Lorenzo Victoria'),(1256,22,'San Lucas Camotlán'),(1257,22,'San Lucas Ojitlán'),(1258,22,'San Lucas Quiaviní'),(1259,22,'San Lucas Zoquiápam'),(1260,22,'San Luis Amatlán'),(1261,22,'San Marcial Ozolotepec'),(1262,22,'San Marcos Arteaga'),(1263,22,'San Martín Huamelúlpam'),(1264,22,'San Martín Itunyoso'),(1265,22,'San Martín Lachilá'),(1266,22,'San Martín Peras'),(1267,22,'San Martín Tilcajete'),(1268,22,'San Martín Toxpalan'),(1269,22,'San Martín Zacatepec'),(1270,22,'San Mateo Cajonos'),(1271,22,'San Mateo Etlatongo'),(1272,22,'San Mateo Nejápam'),(1273,22,'San Mateo Peñasco'),(1274,22,'San Mateo Piñas'),(1275,22,'San Mateo Río Hondo'),(1276,22,'San Mateo Sindihui'),(1277,22,'San Mateo Tlapiltepec'),(1278,22,'San Mateo Yoloxochitlán'),(1279,22,'San Mateo Yucutindoo'),(1280,22,'San Mateo del Mar'),(1281,22,'San Melchor Betaza'),(1282,22,'San Miguel Achiutla'),(1283,22,'San Miguel Ahuehuetitlán'),(1284,22,'San Miguel Aloápam'),(1285,22,'San Miguel Amatitlán'),(1286,22,'San Miguel Amatlán'),(1287,22,'San Miguel Chicahua'),(1288,22,'San Miguel Chimalapa'),(1289,22,'San Miguel Coatlán'),(1290,22,'San Miguel Ejutla'),(1291,22,'San Miguel Huautla'),(1292,22,'San Miguel Mixtepec'),(1293,22,'San Miguel Panixtlahuaca'),(1294,22,'San Miguel Peras'),(1295,22,'San Miguel Piedras'),(1296,22,'San Miguel Quetzaltepec'),(1297,22,'San Miguel Santa Flor'),(1298,22,'San Miguel Soyaltepec'),(1299,22,'San Miguel Suchixtepec'),(1300,22,'San Miguel Tecomatlán'),(1301,22,'San Miguel Tenango'),(1302,22,'San Miguel Tequixtepec'),(1303,22,'San Miguel Tilquiápam'),(1304,22,'San Miguel Tlacamama'),(1305,22,'San Miguel Tlacotepec'),(1306,22,'San Miguel Tulancingo'),(1307,22,'San Miguel Yotao'),(1308,22,'San Miguel del Puerto'),(1309,22,'San Miguel del Río'),(1310,22,'San Miguel el Grande'),(1311,22,'San Nicolás'),(1312,22,'San Nicolás Hidalgo'),(1313,22,'San Pablo Coatlán'),(1314,22,'San Pablo Cuatro Venados'),(1315,22,'San Pablo Etla'),(1316,22,'San Pablo Huitzo'),(1317,22,'San Pablo Huixtepec'),(1318,22,'San Pablo Macuiltianguis'),(1319,22,'San Pablo Tijaltepec'),(1320,22,'San Pablo Villa de Mitla'),(1321,22,'San Pablo Yaganiza'),(1322,22,'San Pedro Amuzgos'),(1323,22,'San Pedro Apóstol'),(1324,22,'San Pedro Atoyac'),(1325,22,'San Pedro Cajonos'),(1326,22,'San Pedro Comitancillo'),(1327,22,'San Pedro Coxcaltepec Cántaros'),(1328,22,'San Pedro Huamelula'),(1329,22,'San Pedro Huilotepec'),(1330,22,'San Pedro Ixcatlán'),(1331,22,'San Pedro Ixtlahuaca'),(1332,22,'San Pedro Jaltepetongo'),(1333,22,'San Pedro Jicayán'),(1334,22,'San Pedro Jocotipac'),(1335,22,'San Pedro Juchatengo'),(1336,22,'San Pedro Mixtepec'),(1337,22,'San Pedro Molinos'),(1338,22,'San Pedro Mártir'),(1339,22,'San Pedro Mártir Quiechapa'),(1340,22,'San Pedro Mártir Yucuxaco'),(1341,22,'San Pedro Nopala'),(1342,22,'San Pedro Ocopetatillo'),(1343,22,'San Pedro Ocotepec'),(1344,22,'San Pedro Pochutla'),(1345,22,'San Pedro Quiatoni'),(1346,22,'San Pedro Sochiápam'),(1347,22,'San Pedro Tapanatepec'),(1348,22,'San Pedro Taviche'),(1349,22,'San Pedro Teozacoalco'),(1350,22,'San Pedro Teutila'),(1351,22,'San Pedro Tidaá'),(1352,22,'San Pedro Topiltepec'),(1353,22,'San Pedro Totolápam'),(1354,22,'San Pedro Yaneri'),(1355,22,'San Pedro Yucunama'),(1356,22,'San Pedro Yólox'),(1357,22,'San Pedro el Alto'),(1358,22,'San Pedro y San Pablo Ayutla'),(1359,22,'San Pedro y San Pablo Teposcolula'),(1360,22,'San Pedro y San Pablo Tequixtepec'),(1361,22,'San Raymundo Jalpan'),(1362,22,'San Sebastián Abasolo'),(1363,22,'San Sebastián Coatlán'),(1364,22,'San Sebastián Ixcapa'),(1365,22,'San Sebastián Nicananduta'),(1366,22,'San Sebastián Río Hondo'),(1367,22,'San Sebastián Tecomaxtlahuaca'),(1368,22,'San Sebastián Teitipac'),(1369,22,'San Sebastián Tutla'),(1370,22,'San Simón Almolongas'),(1371,22,'San Simón Zahuatlán'),(1372,22,'San Vicente Coatlán'),(1373,22,'San Vicente Lachixío'),(1374,22,'San Vicente Nuñú'),(1375,22,'Santa Ana'),(1376,22,'Santa Ana Ateixtlahuaca'),(1377,22,'Santa Ana Cuauhtémoc'),(1378,22,'Santa Ana Tavela'),(1379,22,'Santa Ana Tlapacoyan'),(1380,22,'Santa Ana Yareni'),(1381,22,'Santa Ana Zegache'),(1382,22,'Santa Ana del Valle'),(1383,22,'Santa Catalina Quierí'),(1384,22,'Santa Catarina Cuixtla'),(1385,22,'Santa Catarina Ixtepeji'),(1386,22,'Santa Catarina Juquila'),(1387,22,'Santa Catarina Lachatao'),(1388,22,'Santa Catarina Loxicha'),(1389,22,'Santa Catarina Mechoacán'),(1390,22,'Santa Catarina Minas'),(1391,22,'Santa Catarina Quiané'),(1392,22,'Santa Catarina Quioquitani'),(1393,22,'Santa Catarina Tayata'),(1394,22,'Santa Catarina Ticuá'),(1395,22,'Santa Catarina Yosonotú'),(1396,22,'Santa Catarina Zapoquila'),(1397,22,'Santa Cruz Acatepec'),(1398,22,'Santa Cruz Amilpas'),(1399,22,'Santa Cruz Itundujia'),(1400,22,'Santa Cruz Mixtepec'),(1401,22,'Santa Cruz Nundaco'),(1402,22,'Santa Cruz Papalutla'),(1403,22,'Santa Cruz Tacache de Mina'),(1404,22,'Santa Cruz Tacahua'),(1405,22,'Santa Cruz Tayata'),(1406,22,'Santa Cruz Xitla'),(1407,22,'Santa Cruz Xoxocotlán'),(1408,22,'Santa Cruz Zenzontepec'),(1409,22,'Santa Cruz de Bravo'),(1410,22,'Santa Gertrudis'),(1411,22,'Santa Inés Yatzeche'),(1412,22,'Santa Inés de Zaragoza'),(1413,22,'Santa Inés del Monte'),(1414,22,'Santa Lucía Miahuatlán'),(1415,22,'Santa Lucía Monteverde'),(1416,22,'Santa Lucía Ocotlán'),(1417,22,'Santa Lucía del Camino'),(1418,22,'Santa Magdalena Jicotlán'),(1419,22,'Santa María Alotepec'),(1420,22,'Santa María Apazco'),(1421,22,'Santa María Atzompa'),(1422,22,'Santa María Camotlán'),(1423,22,'Santa María Chachoápam'),(1424,22,'Santa María Chilchotla'),(1425,22,'Santa María Chimalapa'),(1426,22,'Santa María Colotepec'),(1427,22,'Santa María Cortijo'),(1428,22,'Santa María Coyotepec'),(1429,22,'Santa María Ecatepec'),(1430,22,'Santa María Guelacé'),(1431,22,'Santa María Guienagati'),(1432,22,'Santa María Huatulco'),(1433,22,'Santa María Huazolotitlán'),(1434,22,'Santa María Ipalapa'),(1435,22,'Santa María Ixcatlán'),(1436,22,'Santa María Jacatepec'),(1437,22,'Santa María Jalapa del Marqués'),(1438,22,'Santa María Jaltianguis'),(1439,22,'Santa María Lachixío'),(1440,22,'Santa María Mixtequilla'),(1441,22,'Santa María Nativitas'),(1442,22,'Santa María Nduayaco'),(1443,22,'Santa María Ozolotepec'),(1444,22,'Santa María Petapa'),(1445,22,'Santa María Peñoles'),(1446,22,'Santa María Pápalo'),(1447,22,'Santa María Quiegolani'),(1448,22,'Santa María Sola'),(1449,22,'Santa María Tataltepec'),(1450,22,'Santa María Tecomavaca'),(1451,22,'Santa María Temaxcalapa'),(1452,22,'Santa María Temaxcaltepec'),(1453,22,'Santa María Teopoxco'),(1454,22,'Santa María Tepantlali'),(1455,22,'Santa María Texcatitlán'),(1456,22,'Santa María Tlahuitoltepec'),(1457,22,'Santa María Tlalixtac'),(1458,22,'Santa María Tonameca'),(1459,22,'Santa María Totolapilla'),(1460,22,'Santa María Xadani'),(1461,22,'Santa María Yalina'),(1462,22,'Santa María Yavesía'),(1463,22,'Santa María Yolotepec'),(1464,22,'Santa María Yosoyúa'),(1465,22,'Santa María Yucuhiti'),(1466,22,'Santa María Zacatepec'),(1467,22,'Santa María Zaniza'),(1468,22,'Santa María Zoquitlán'),(1469,22,'Santa María del Rosario'),(1470,22,'Santa María del Tule'),(1471,22,'Santa María la Asunción'),(1472,22,'Santiago Amoltepec'),(1473,22,'Santiago Apoala'),(1474,22,'Santiago Apóstol'),(1475,22,'Santiago Astata'),(1476,22,'Santiago Atitlán'),(1477,22,'Santiago Ayuquililla'),(1478,22,'Santiago Cacaloxtepec'),(1479,22,'Santiago Camotlán'),(1480,22,'Santiago Choápam'),(1481,22,'Santiago Comaltepec'),(1482,22,'Santiago Huajolotitlán'),(1483,22,'Santiago Huauclilla'),(1484,22,'Santiago Ihuitlán Plumas'),(1485,22,'Santiago Ixcuintepec'),(1486,22,'Santiago Ixtayutla'),(1487,22,'Santiago Jamiltepec'),(1488,22,'Santiago Jocotepec'),(1489,22,'Santiago Juxtlahuaca'),(1490,22,'Santiago Lachiguiri'),(1491,22,'Santiago Lalopa'),(1492,22,'Santiago Laollaga'),(1493,22,'Santiago Laxopa'),(1494,22,'Santiago Llano Grande'),(1495,22,'Santiago Matatlán'),(1496,22,'Santiago Miltepec'),(1497,22,'Santiago Minas'),(1498,22,'Santiago Nacaltepec'),(1499,22,'Santiago Nejapilla'),(1500,22,'Santiago Niltepec'),(1501,22,'Santiago Nundiche'),(1502,22,'Santiago Nuyoó'),(1503,22,'Santiago Pinotepa Nacional'),(1504,22,'Santiago Suchilquitongo'),(1505,22,'Santiago Tamazola'),(1506,22,'Santiago Tapextla'),(1507,22,'Santiago Tenango'),(1508,22,'Santiago Tepetlapa'),(1509,22,'Santiago Tetepec'),(1510,22,'Santiago Texcalcingo'),(1511,22,'Santiago Textitlán'),(1512,22,'Santiago Tilantongo'),(1513,22,'Santiago Tillo'),(1514,22,'Santiago Tlazoyaltepec'),(1515,22,'Santiago Xanica'),(1516,22,'Santiago Xiacuí'),(1517,22,'Santiago Yaitepec'),(1518,22,'Santiago Yaveo'),(1519,22,'Santiago Yolomécatl'),(1520,22,'Santiago Yosondúa'),(1521,22,'Santiago Yucuyachi'),(1522,22,'Santiago Zacatepec'),(1523,22,'Santiago Zoochila'),(1524,22,'Santiago del Río'),(1525,22,'Santo Domingo Albarradas'),(1526,22,'Santo Domingo Armenta'),(1527,22,'Santo Domingo Chihuitán'),(1528,22,'Santo Domingo Ingenio'),(1529,22,'Santo Domingo Ixcatlán'),(1530,22,'Santo Domingo Nuxaá'),(1531,22,'Santo Domingo Ozolotepec'),(1532,22,'Santo Domingo Petapa'),(1533,22,'Santo Domingo Roayaga'),(1534,22,'Santo Domingo Tehuantepec'),(1535,22,'Santo Domingo Teojomulco'),(1536,22,'Santo Domingo Tepuxtepec'),(1537,22,'Santo Domingo Tlatayápam'),(1538,22,'Santo Domingo Tomaltepec'),(1539,22,'Santo Domingo Tonaltepec'),(1540,22,'Santo Domingo Tonalá'),(1541,22,'Santo Domingo Xagacía'),(1542,22,'Santo Domingo Yanhuitlán'),(1543,22,'Santo Domingo Yodohino'),(1544,22,'Santo Domingo Zanatepec'),(1545,22,'Santo Domingo de Morelos'),(1546,22,'Santo Tomás Jalieza'),(1547,22,'Santo Tomás Mazaltepec'),(1548,22,'Santo Tomás Ocotepec'),(1549,22,'Santo Tomás Tamazulapan'),(1550,22,'Santos Reyes Nopala'),(1551,22,'Santos Reyes Pápalo'),(1552,22,'Santos Reyes Tepejillo'),(1553,22,'Santos Reyes Yucuná'),(1554,22,'Silacayoápam'),(1555,22,'Sitio de Xitlapehua'),(1556,22,'Soledad Etla'),(1557,22,'Tamazulápam del Espíritu Santo'),(1558,22,'Tanetze de Zaragoza'),(1559,22,'Taniche'),(1560,22,'Tataltepec de Valdés'),(1561,22,'Teococuilco de Marcos Pérez'),(1562,22,'Teotitlán de Flores Magón'),(1563,22,'Teotitlán del Valle'),(1564,22,'Teotongo'),(1565,22,'Tepelmeme Villa de Morelos'),(1566,22,'Tlacolula de Matamoros'),(1567,22,'Tlacotepec Plumas'),(1568,22,'Tlalixtac de Cabrera'),(1569,22,'Totontepec Villa de Morelos'),(1570,22,'Trinidad Zaachila'),(1571,22,'Unión Hidalgo'),(1572,22,'Valerio Trujano'),(1573,22,'Villa Díaz Ordaz'),(1574,22,'Villa Hidalgo Yalálag'),(1575,22,'Villa Sola de Vega'),(1576,22,'Villa Talea de Castro'),(1577,22,'Villa Tejúpam de la Unión'),(1578,22,'Villa de Chilapa de Díaz'),(1579,22,'Villa de Etla'),(1580,22,'Villa de Santiago Chazumba'),(1581,22,'Villa de Tamazulápam del Progreso'),(1582,22,'Villa de Tututepec'),(1583,22,'Villa de Zaachila'),(1584,22,'Yaxe'),(1585,22,'Yogana'),(1586,22,'Yutanduchi de Guerrero'),(1587,22,'Zapotitlán Lagunas'),(1588,22,'Zapotitlán Palmas'),(1589,22,'Zimatlán de Álvarez'),(1590,22,'Ánimas Trujano'),(1591,23,'Acajete'),(1592,23,'Acateno'),(1593,23,'Acatlán'),(1594,23,'Acatzingo'),(1595,23,'Acteopan'),(1596,23,'Ahuacatlán'),(1597,23,'Ahuatlán'),(1598,23,'Ahuazotepec'),(1599,23,'Ahuehuetitla'),(1600,23,'Ajalpan'),(1601,23,'Albino Zertuche'),(1602,23,'Aljojuca'),(1603,23,'Altepexi'),(1604,23,'Amixtlán'),(1605,23,'Amozoc'),(1606,23,'Aquixtla'),(1607,23,'Atempan'),(1608,23,'Atexcal'),(1609,23,'Atlequizayan'),(1610,23,'Atlixco'),(1611,23,'Atoyatempan'),(1612,23,'Atzala'),(1613,23,'Atzitzihuacán'),(1614,23,'Atzitzintla'),(1615,23,'Axutla'),(1616,23,'Ayotoxco de Guerrero'),(1617,23,'Calpan'),(1618,23,'Caltepec'),(1619,23,'Camocuautla'),(1620,23,'Caxhuacan'),(1621,23,'Cañada Morelos'),(1622,23,'Chalchicomula de Sesma'),(1623,23,'Chapulco'),(1624,23,'Chiautla'),(1625,23,'Chiautzingo'),(1626,23,'Chichiquila'),(1627,23,'Chiconcuautla'),(1628,23,'Chietla'),(1629,23,'Chigmecatitlán'),(1630,23,'Chignahuapan'),(1631,23,'Chignautla'),(1632,23,'Chila'),(1633,23,'Chila de la Sal'),(1634,23,'Chilchotla'),(1635,23,'Chinantla'),(1636,23,'Coatepec'),(1637,23,'Coatzingo'),(1638,23,'Cohetzala'),(1639,23,'Cohuecan'),(1640,23,'Coronango'),(1641,23,'Coxcatlán'),(1642,23,'Coyomeapan'),(1643,23,'Coyotepec'),(1644,23,'Cuapiaxtla de Madero'),(1645,23,'Cuautempan'),(1646,23,'Cuautinchán'),(1647,23,'Cuautlancingo'),(1648,23,'Cuayuca de Andrade'),(1649,23,'Cuetzalan del Progreso'),(1650,23,'Cuyoaco'),(1651,23,'Domingo Arenas'),(1652,23,'Eloxochitlán'),(1653,23,'Epatlán'),(1654,23,'Esperanza'),(1655,23,'Francisco Z. Mena'),(1656,23,'General Felipe Ángeles'),(1657,23,'Guadalupe'),(1658,23,'Guadalupe Victoria'),(1659,23,'Hermenegildo Galeana'),(1660,23,'Honey'),(1661,23,'Huaquechula'),(1662,23,'Huatlatlauca'),(1663,23,'Huauchinango'),(1664,23,'Huehuetla'),(1665,23,'Huehuetlán el Chico'),(1666,23,'Huehuetlán el Grande'),(1667,23,'Huejotzingo'),(1668,23,'Hueyapan'),(1669,23,'Hueytamalco'),(1670,23,'Hueytlalpan'),(1671,23,'Huitzilan de Serdán'),(1672,23,'Huitziltepec'),(1673,23,'Ixcamilpa de Guerrero'),(1674,23,'Ixcaquixtla'),(1675,23,'Ixtacamaxtitlán'),(1676,23,'Ixtepec'),(1677,23,'Izúcar de Matamoros'),(1678,23,'Jalpan'),(1679,23,'Jolalpan'),(1680,23,'Jonotla'),(1681,23,'Jopala'),(1682,23,'Juan C. Bonilla'),(1683,23,'Juan Galindo'),(1684,23,'Juan N. Méndez'),(1685,23,'La Magdalena Tlatlauquitepec'),(1686,23,'Lafragua'),(1687,23,'Libres'),(1688,23,'Los Reyes de Juárez'),(1689,23,'Mazapiltepec de Juárez'),(1690,23,'Mixtla'),(1691,23,'Molcaxac'),(1692,23,'Naupan'),(1693,23,'Nauzontla'),(1694,23,'Nealtican'),(1695,23,'Nicolás Bravo'),(1696,23,'Nopalucan'),(1697,23,'Ocotepec'),(1698,23,'Ocoyucan'),(1699,23,'Olintla'),(1700,23,'Oriental'),(1701,23,'Pahuatlán'),(1702,23,'Palmar de Bravo'),(1703,23,'Pantepec'),(1704,23,'Petlalcingo'),(1705,23,'Piaxtla'),(1706,23,'Puebla'),(1707,23,'Quecholac'),(1708,23,'Quimixtlán'),(1709,23,'Rafael Lara Grajales'),(1710,23,'San Andrés Cholula'),(1711,23,'San Antonio Cañada'),(1712,23,'San Diego la Mesa Tochimiltzingo'),(1713,23,'San Felipe Teotlalcingo'),(1714,23,'San Felipe Tepatlán'),(1715,23,'San Gabriel Chilac'),(1716,23,'San Gregorio Atzompa'),(1717,23,'San Jerónimo Tecuanipan'),(1718,23,'San Jerónimo Xayacatlán'),(1719,23,'San José Chiapa'),(1720,23,'San José Miahuatlán'),(1721,23,'San Juan Atenco'),(1722,23,'San Juan Atzompa'),(1723,23,'San Martín Texmelucan'),(1724,23,'San Martín Totoltepec'),(1725,23,'San Matías Tlalancaleca'),(1726,23,'San Miguel Ixitlán'),(1727,23,'San Miguel Xoxtla'),(1728,23,'San Nicolás Buenos Aires'),(1729,23,'San Nicolás de los Ranchos'),(1730,23,'San Pablo Anicano'),(1731,23,'San Pedro Cholula'),(1732,23,'San Pedro Yeloixtlahuaca'),(1733,23,'San Salvador Huixcolotla'),(1734,23,'San Salvador el Seco'),(1735,23,'San Salvador el Verde'),(1736,23,'San Sebastián Tlacotepec'),(1737,23,'Santa Catarina Tlaltempan'),(1738,23,'Santa Inés Ahuatempan'),(1739,23,'Santa Isabel Cholula'),(1740,23,'Santiago Miahuatlán'),(1741,23,'Santo Tomás Hueyotlipan'),(1742,23,'Soltepec'),(1743,23,'Tecali de Herrera'),(1744,23,'Tecamachalco'),(1745,23,'Tecomatlán'),(1746,23,'Tehuacán'),(1747,23,'Tehuitzingo'),(1748,23,'Tenampulco'),(1749,23,'Teopantlán'),(1750,23,'Teotlalco'),(1751,23,'Tepanco de López'),(1752,23,'Tepango de Rodríguez'),(1753,23,'Tepatlaxco de Hidalgo'),(1754,23,'Tepeaca'),(1755,23,'Tepemaxalco'),(1756,23,'Tepeojuma'),(1757,23,'Tepetzintla'),(1758,23,'Tepexco'),(1759,23,'Tepexi de Rodríguez'),(1760,23,'Tepeyahualco'),(1761,23,'Tepeyahualco de Cuauhtémoc'),(1762,23,'Tetela de Ocampo'),(1763,23,'Teteles de Ávila Castillo'),(1764,23,'Teziutlán'),(1765,23,'Tianguismanalco'),(1766,23,'Tilapa'),(1767,23,'Tlachichuca'),(1768,23,'Tlacotepec de Benito Juárez'),(1769,23,'Tlacuilotepec'),(1770,23,'Tlahuapan'),(1771,23,'Tlaltenango'),(1772,23,'Tlanepantla'),(1773,23,'Tlaola'),(1774,23,'Tlapacoya'),(1775,23,'Tlapanalá'),(1776,23,'Tlatlauquitepec'),(1777,23,'Tlaxco'),(1778,23,'Tochimilco'),(1779,23,'Tochtepec'),(1780,23,'Totoltepec de Guerrero'),(1781,23,'Tulcingo'),(1782,23,'Tuzamapan de Galeana'),(1783,23,'Tzicatlacoyan'),(1784,23,'Venustiano Carranza'),(1785,23,'Vicente Guerrero'),(1786,23,'Xayacatlán de Bravo'),(1787,23,'Xicotepec'),(1788,23,'Xicotlán'),(1789,23,'Xiutetelco'),(1790,23,'Xochiapulco'),(1791,23,'Xochiltepec'),(1792,23,'Xochitlán Todos Santos'),(1793,23,'Xochitlán de Vicente Suárez'),(1794,23,'Yaonáhuac'),(1795,23,'Yehualtepec'),(1796,23,'Zacapala'),(1797,23,'Zacapoaxtla'),(1798,23,'Zacatlán'),(1799,23,'Zapotitlán'),(1800,23,'Zapotitlán de Méndez'),(1801,23,'Zaragoza'),(1802,23,'Zautla'),(1803,23,'Zihuateutla'),(1804,23,'Zinacatepec'),(1805,23,'Zongozotla'),(1806,23,'Zoquiapan'),(1807,23,'Zoquitlán'),(1808,24,'Amealco de Bonfil'),(1809,24,'Arroyo Seco'),(1810,24,'Cadereyta de Montes'),(1811,24,'Colón'),(1812,24,'Corregidora'),(1813,24,'El Marqués'),(1814,24,'Ezequiel Montes'),(1815,24,'Huimilpan'),(1816,24,'Jalpan de Serra'),(1817,24,'Landa de Matamoros'),(1818,24,'Pedro Escobedo'),(1819,24,'Peñamiller'),(1820,24,'Pinal de Amoles'),(1821,24,'Querétaro'),(1822,24,'San Joaquín'),(1823,24,'San Juan del Río'),(1824,24,'Tequisquiapan'),(1825,24,'Tolimán'),(1826,25,'Bacalar'),(1827,25,'Benito Juárez'),(1828,25,'Cozumel'),(1829,25,'Felipe Carrillo Puerto'),(1830,25,'Isla Mujeres'),(1831,25,'José María Morelos'),(1832,25,'Lázaro Cárdenas'),(1833,25,'Othón P. Blanco'),(1834,25,'Playa del Carmen'),(1835,25,'Puerto Morelos'),(1836,25,'Tulum'),(1837,26,'Ahualulco del Sonido 13'),(1838,26,'Alaquines'),(1839,26,'Aquismón'),(1840,26,'Armadillo de los Infante'),(1841,26,'Axtla de Terrazas'),(1842,26,'Catorce'),(1843,26,'Cedral'),(1844,26,'Cerritos'),(1845,26,'Cerro de San Pedro'),(1846,26,'Charcas'),(1847,26,'Ciudad Fernández'),(1848,26,'Ciudad Valles'),(1849,26,'Ciudad del Maíz'),(1850,26,'Coxcatlán'),(1851,26,'Cárdenas'),(1852,26,'Ebano'),(1853,26,'El Naranjo'),(1854,26,'Guadalcázar'),(1855,26,'Huehuetlán'),(1856,26,'Lagunillas'),(1857,26,'Matehuala'),(1858,26,'Matlapa'),(1859,26,'Mexquitic de Carmona'),(1860,26,'Moctezuma'),(1861,26,'Rayón'),(1862,26,'Rioverde'),(1863,26,'Salinas'),(1864,26,'San Antonio'),(1865,26,'San Ciro de Acosta'),(1866,26,'San Luis Potosí'),(1867,26,'San Martín Chalchicuautla'),(1868,26,'San Nicolás Tolentino'),(1869,26,'San Vicente Tancuayalab'),(1870,26,'Santa Catarina'),(1871,26,'Santa María del Río'),(1872,26,'Santo Domingo'),(1873,26,'Soledad de Graciano Sánchez'),(1874,26,'Tamasopo'),(1875,26,'Tamazunchale'),(1876,26,'Tampacán'),(1877,26,'Tampamolón Corona'),(1878,26,'Tamuín'),(1879,26,'Tancanhuitz'),(1880,26,'Tanlajás'),(1881,26,'Tanquián de Escobedo'),(1882,26,'Tierra Nueva'),(1883,26,'Vanegas'),(1884,26,'Venado'),(1885,26,'Villa Hidalgo'),(1886,26,'Villa Juárez'),(1887,26,'Villa de Arista'),(1888,26,'Villa de Arriaga'),(1889,26,'Villa de Guadalupe'),(1890,26,'Villa de Pozos'),(1891,26,'Villa de Ramos'),(1892,26,'Villa de Reyes'),(1893,26,'Villa de la Paz'),(1894,26,'Xilitla'),(1895,26,'Zaragoza'),(1896,27,'Ahome'),(1897,27,'Angostura'),(1898,27,'Badiraguato'),(1899,27,'Choix'),(1900,27,'Concordia'),(1901,27,'Cosalá'),(1902,27,'Culiacán'),(1903,27,'El Fuerte'),(1904,27,'Eldorado'),(1905,27,'Elota'),(1906,27,'Escuinapa'),(1907,27,'Guasave'),(1908,27,'Juan José Ríos'),(1909,27,'Mazatlán'),(1910,27,'Mocorito'),(1911,27,'Navolato'),(1912,27,'Rosario'),(1913,27,'Salvador Alvarado'),(1914,27,'San Ignacio'),(1915,27,'Sinaloa'),(1916,28,'Aconchi'),(1917,28,'Agua Prieta'),(1918,28,'Altar'),(1919,28,'Arivechi'),(1920,28,'Arizpe'),(1921,28,'Atil'),(1922,28,'Bacadéhuachi'),(1923,28,'Bacanora'),(1924,28,'Bacerac'),(1925,28,'Bacoachi'),(1926,28,'Banámichi'),(1927,28,'Bavispe'),(1928,28,'Baviácora'),(1929,28,'Benito Juárez'),(1930,28,'Benjamín Hill'),(1931,28,'Bácum'),(1932,28,'Caborca'),(1933,28,'Cajeme'),(1934,28,'Cananea'),(1935,28,'Carbó'),(1936,28,'Cucurpe'),(1937,28,'Cumpas'),(1938,28,'Divisaderos'),(1939,28,'Empalme'),(1940,28,'Etchojoa'),(1941,28,'Fronteras'),(1942,28,'General Plutarco Elías Calles'),(1943,28,'Granados'),(1944,28,'Guaymas'),(1945,28,'Hermosillo'),(1946,28,'Huachinera'),(1947,28,'Huatabampo'),(1948,28,'Huásabas'),(1949,28,'Huépac'),(1950,28,'Imuris'),(1951,28,'La Colorada'),(1952,28,'Magdalena'),(1953,28,'Mazatán'),(1954,28,'Moctezuma'),(1955,28,'Naco'),(1956,28,'Nacozari de García'),(1957,28,'Navojoa'),(1958,28,'Nogales'),(1959,28,'Nácori Chico'),(1960,28,'Opodepe'),(1961,28,'Oquitoa'),(1962,28,'Pitiquito'),(1963,28,'Puerto Peñasco'),(1964,28,'Quiriego'),(1965,28,'Rayón'),(1966,28,'Rosario'),(1967,28,'Sahuaripa'),(1968,28,'San Felipe de Jesús'),(1969,28,'San Ignacio Río Muerto'),(1970,28,'San Javier'),(1971,28,'San Luis Río Colorado'),(1972,28,'San Miguel de Horcasitas'),(1973,28,'San Pedro de la Cueva'),(1974,28,'Santa Ana'),(1975,28,'Santa Cruz'),(1976,28,'Soyopa'),(1977,28,'Suaqui Grande'),(1978,28,'Sáric'),(1979,28,'Tepache'),(1980,28,'Trincheras'),(1981,28,'Tubutama'),(1982,28,'Ures'),(1983,28,'Villa Hidalgo'),(1984,28,'Villa Pesqueira'),(1985,28,'Yécora'),(1986,28,'Álamos'),(1987,28,'Ónavas'),(1988,29,'Balancán'),(1989,29,'Centla'),(1990,29,'Centro'),(1991,29,'Comalcalco'),(1992,29,'Cunduacán'),(1993,29,'Cárdenas'),(1994,29,'Emiliano Zapata'),(1995,29,'Huimanguillo'),(1996,29,'Jalapa'),(1997,29,'Jalpa de Méndez'),(1998,29,'Jonuta'),(1999,29,'Macuspana'),(2000,29,'Nacajuca'),(2001,29,'Paraíso'),(2002,29,'Tacotalpa'),(2003,29,'Teapa'),(2004,29,'Tenosique'),(2005,30,'Abasolo'),(2006,30,'Aldama'),(2007,30,'Altamira'),(2008,30,'Antiguo Morelos'),(2009,30,'Burgos'),(2010,30,'Bustamante'),(2011,30,'Camargo'),(2012,30,'Casas'),(2013,30,'Ciudad Madero'),(2014,30,'Cruillas'),(2015,30,'El Mante'),(2016,30,'González'),(2017,30,'Guerrero'),(2018,30,'Gustavo Díaz Ordaz'),(2019,30,'Gómez Farías'),(2020,30,'Güémez'),(2021,30,'Hidalgo'),(2022,30,'Jaumave'),(2023,30,'Jiménez'),(2024,30,'Llera'),(2025,30,'Mainero'),(2026,30,'Matamoros'),(2027,30,'Mier'),(2028,30,'Miguel Alemán'),(2029,30,'Miquihuana'),(2030,30,'Méndez'),(2031,30,'Nuevo Laredo'),(2032,30,'Nuevo Morelos'),(2033,30,'Ocampo'),(2034,30,'Padilla'),(2035,30,'Palmillas'),(2036,30,'Reynosa'),(2037,30,'Río Bravo'),(2038,30,'San Carlos'),(2039,30,'San Fernando'),(2040,30,'San Nicolás'),(2041,30,'Soto la Marina'),(2042,30,'Tampico'),(2043,30,'Tula'),(2044,30,'Valle Hermoso'),(2045,30,'Victoria'),(2046,30,'Villagrán'),(2047,30,'Xicoténcatl'),(2048,31,'Acuamanala de Miguel Hidalgo'),(2049,31,'Amaxac de Guerrero'),(2050,31,'Apetatitlán de Antonio Carvajal'),(2051,31,'Apizaco'),(2052,31,'Atlangatepec'),(2053,31,'Atltzayanca'),(2054,31,'Benito Juárez'),(2055,31,'Calpulalpan'),(2056,31,'Chiautempan'),(2057,31,'Contla de Juan Cuamatzi'),(2058,31,'Cuapiaxtla'),(2059,31,'Cuaxomulco'),(2060,31,'El Carmen Tequexquitla'),(2061,31,'Emiliano Zapata'),(2062,31,'Españita'),(2063,31,'Huamantla'),(2064,31,'Hueyotlipan'),(2065,31,'Ixtacuixtla de Mariano Matamoros'),(2066,31,'Ixtenco'),(2067,31,'La Magdalena Tlaltelulco'),(2068,31,'Lázaro Cárdenas'),(2069,31,'Mazatecochco de José María Morelos'),(2070,31,'Muñoz de Domingo Arenas'),(2071,31,'Nanacamilpa de Mariano Arista'),(2072,31,'Natívitas'),(2073,31,'Panotla'),(2074,31,'Papalotla de Xicohténcatl'),(2075,31,'San Damián Texóloc'),(2076,31,'San Francisco Tetlanohcan'),(2077,31,'San Jerónimo Zacualpan'),(2078,31,'San José Teacalco'),(2079,31,'San Juan Huactzinco'),(2080,31,'San Lorenzo Axocomanitla'),(2081,31,'San Lucas Tecopilco'),(2082,31,'San Pablo del Monte'),(2083,31,'Sanctórum de Lázaro Cárdenas'),(2084,31,'Santa Ana Nopalucan'),(2085,31,'Santa Apolonia Teacalco'),(2086,31,'Santa Catarina Ayometla'),(2087,31,'Santa Cruz Quilehtla'),(2088,31,'Santa Cruz Tlaxcala'),(2089,31,'Santa Isabel Xiloxoxtla'),(2090,31,'Tenancingo'),(2091,31,'Teolocholco'),(2092,31,'Tepetitla de Lardizábal'),(2093,31,'Tepeyanco'),(2094,31,'Terrenate'),(2095,31,'Tetla de la Solidaridad'),(2096,31,'Tetlatlahuca'),(2097,31,'Tlaxcala'),(2098,31,'Tlaxco'),(2099,31,'Tocatlán'),(2100,31,'Totolac'),(2101,31,'Tzompantepec'),(2102,31,'Xaloztoc'),(2103,31,'Xaltocan'),(2104,31,'Xicohtzinco'),(2105,31,'Yauhquemehcan'),(2106,31,'Zacatelco'),(2107,31,'Ziltlaltépec de Trinidad Sánchez Santos'),(2108,32,'Acajete'),(2109,32,'Acatlán'),(2110,32,'Acayucan'),(2111,32,'Actopan'),(2112,32,'Acula'),(2113,32,'Acultzingo'),(2114,32,'Agua Dulce'),(2115,32,'Alpatláhuac'),(2116,32,'Alto Lucero de Gutiérrez Barrios'),(2117,32,'Altotonga'),(2118,32,'Alvarado'),(2119,32,'Amatitlán'),(2120,32,'Amatlán de los Reyes'),(2121,32,'Angel R. Cabada'),(2122,32,'Apazapan'),(2123,32,'Aquila'),(2124,32,'Astacinga'),(2125,32,'Atlahuilco'),(2126,32,'Atoyac'),(2127,32,'Atzacan'),(2128,32,'Atzalan'),(2129,32,'Ayahualulco'),(2130,32,'Banderilla'),(2131,32,'Benito Juárez'),(2132,32,'Boca del Río'),(2133,32,'Calcahualco'),(2134,32,'Camarón de Tejeda'),(2135,32,'Camerino Z. Mendoza'),(2136,32,'Carlos A. Carrillo'),(2137,32,'Carrillo Puerto'),(2138,32,'Castillo de Teayo'),(2139,32,'Catemaco'),(2140,32,'Cazones de Herrera'),(2141,32,'Cerro Azul'),(2142,32,'Chacaltianguis'),(2143,32,'Chalma'),(2144,32,'Chiconamel'),(2145,32,'Chiconquiaco'),(2146,32,'Chicontepec'),(2147,32,'Chinameca'),(2148,32,'Chinampa de Gorostiza'),(2149,32,'Chocamán'),(2150,32,'Chontla'),(2151,32,'Chumatlán'),(2152,32,'Citlaltépetl'),(2153,32,'Coacoatzintla'),(2154,32,'Coahuitlán'),(2155,32,'Coatepec'),(2156,32,'Coatzacoalcos'),(2157,32,'Coatzintla'),(2158,32,'Coetzala'),(2159,32,'Colipa'),(2160,32,'Comapa'),(2161,32,'Cosamaloapan de Carpio'),(2162,32,'Cosautlán de Carvajal'),(2163,32,'Coscomatepec'),(2164,32,'Cosoleacaque'),(2165,32,'Cotaxtla'),(2166,32,'Coxquihui'),(2167,32,'Coyutla'),(2168,32,'Cuichapa'),(2169,32,'Cuitláhuac'),(2170,32,'Córdoba'),(2171,32,'El Higo'),(2172,32,'Emiliano Zapata'),(2173,32,'Espinal'),(2174,32,'Filomeno Mata'),(2175,32,'Fortín'),(2176,32,'Gutiérrez Zamora'),(2177,32,'Hidalgotitlán'),(2178,32,'Huatusco'),(2179,32,'Huayacocotla'),(2180,32,'Hueyapan de Ocampo'),(2181,32,'Huiloapan de Cuauhtémoc'),(2182,32,'Ignacio de la Llave'),(2183,32,'Ilamatlán'),(2184,32,'Isla'),(2185,32,'Ixcatepec'),(2186,32,'Ixhuacán de los Reyes'),(2187,32,'Ixhuatlancillo'),(2188,32,'Ixhuatlán de Madero'),(2189,32,'Ixhuatlán del Café'),(2190,32,'Ixhuatlán del Sureste'),(2191,32,'Ixmatlahuacan'),(2192,32,'Ixtaczoquitlán'),(2193,32,'Jalacingo'),(2194,32,'Jalcomulco'),(2195,32,'Jamapa'),(2196,32,'Jesús Carranza'),(2197,32,'Jilotepec'),(2198,32,'José Azueta'),(2199,32,'Juan Rodríguez Clara'),(2200,32,'Juchique de Ferrer'),(2201,32,'Jáltipan'),(2202,32,'La Antigua'),(2203,32,'La Perla'),(2204,32,'Landero y Coss'),(2205,32,'Las Choapas'),(2206,32,'Las Minas'),(2207,32,'Las Vigas de Ramírez'),(2208,32,'Lerdo de Tejada'),(2209,32,'Los Reyes'),(2210,32,'Magdalena'),(2211,32,'Maltrata'),(2212,32,'Manlio Fabio Altamirano'),(2213,32,'Mariano Escobedo'),(2214,32,'Martínez de la Torre'),(2215,32,'Mecatlán'),(2216,32,'Mecayapan'),(2217,32,'Medellín de Bravo'),(2218,32,'Miahuatlán'),(2219,32,'Minatitlán'),(2220,32,'Misantla'),(2221,32,'Mixtla de Altamirano'),(2222,32,'Moloacán'),(2223,32,'Nanchital de Lázaro Cárdenas del Río'),(2224,32,'Naolinco'),(2225,32,'Naranjal'),(2226,32,'Naranjos Amatlán'),(2227,32,'Nautla'),(2228,32,'Nogales'),(2229,32,'Oluta'),(2230,32,'Omealca'),(2231,32,'Orizaba'),(2232,32,'Otatitlán'),(2233,32,'Oteapan'),(2234,32,'Ozuluama de Mascareñas'),(2235,32,'Pajapan'),(2236,32,'Papantla'),(2237,32,'Paso de Ovejas'),(2238,32,'Paso del Macho'),(2239,32,'Perote'),(2240,32,'Platón Sánchez'),(2241,32,'Playa Vicente'),(2242,32,'Poza Rica de Hidalgo'),(2243,32,'Pueblo Viejo'),(2244,32,'Puente Nacional'),(2245,32,'Pánuco'),(2246,32,'Rafael Delgado'),(2247,32,'Rafael Lucio'),(2248,32,'Río Blanco'),(2249,32,'Saltabarranca'),(2250,32,'San Andrés Tenejapan'),(2251,32,'San Andrés Tuxtla'),(2252,32,'San Juan Evangelista'),(2253,32,'San Rafael'),(2254,32,'Santiago Sochiapan'),(2255,32,'Santiago Tuxtla'),(2256,32,'Sayula de Alemán'),(2257,32,'Sochiapa'),(2258,32,'Soconusco'),(2259,32,'Soledad Atzompa'),(2260,32,'Soledad de Doblado'),(2261,32,'Soteapan'),(2262,32,'Tamalín'),(2263,32,'Tamiahua'),(2264,32,'Tampico Alto'),(2265,32,'Tancoco'),(2266,32,'Tantima'),(2267,32,'Tantoyuca'),(2268,32,'Tatahuicapan de Juárez'),(2269,32,'Tatatila'),(2270,32,'Tecolutla'),(2271,32,'Tehuipango'),(2272,32,'Tempoal'),(2273,32,'Tenampa'),(2274,32,'Tenochtitlán'),(2275,32,'Teocelo'),(2276,32,'Tepatlaxco'),(2277,32,'Tepetlán'),(2278,32,'Tepetzintla'),(2279,32,'Tequila'),(2280,32,'Texcatepec'),(2281,32,'Texhuacán'),(2282,32,'Texistepec'),(2283,32,'Tezonapa'),(2284,32,'Tierra Blanca'),(2285,32,'Tihuatlán'),(2286,32,'Tlachichilco'),(2287,32,'Tlacojalpan'),(2288,32,'Tlacolulan'),(2289,32,'Tlacotalpan'),(2290,32,'Tlacotepec de Mejía'),(2291,32,'Tlalixcoyan'),(2292,32,'Tlalnelhuayocan'),(2293,32,'Tlaltetela'),(2294,32,'Tlapacoyan'),(2295,32,'Tlaquilpa'),(2296,32,'Tlilapan'),(2297,32,'Tomatlán'),(2298,32,'Tonayán'),(2299,32,'Totutla'),(2300,32,'Tres Valles'),(2301,32,'Tuxpan'),(2302,32,'Tuxtilla'),(2303,32,'Ursulo Galván'),(2304,32,'Uxpanapa'),(2305,32,'Vega de Alatorre'),(2306,32,'Veracruz'),(2307,32,'Villa Aldama'),(2308,32,'Xalapa'),(2309,32,'Xico'),(2310,32,'Xoxocotla'),(2311,32,'Yanga'),(2312,32,'Yecuatla'),(2313,32,'Zacualpan'),(2314,32,'Zaragoza'),(2315,32,'Zentla'),(2316,32,'Zongolica'),(2317,32,'Zontecomatlán de López y Fuentes'),(2318,32,'Zozocolco de Hidalgo'),(2319,32,'Álamo Temapache'),(2320,33,'Abalá'),(2321,33,'Acanceh'),(2322,33,'Akil'),(2323,33,'Baca'),(2324,33,'Bokobá'),(2325,33,'Buctzotz'),(2326,33,'Cacalchén'),(2327,33,'Calotmul'),(2328,33,'Cansahcab'),(2329,33,'Cantamayec'),(2330,33,'Celestún'),(2331,33,'Cenotillo'),(2332,33,'Chacsinkín'),(2333,33,'Chankom'),(2334,33,'Chapab'),(2335,33,'Chemax'),(2336,33,'Chichimilá'),(2337,33,'Chicxulub Pueblo'),(2338,33,'Chikindzonot'),(2339,33,'Chocholá'),(2340,33,'Chumayel'),(2341,33,'Conkal'),(2342,33,'Cuncunul'),(2343,33,'Cuzamá'),(2344,33,'Dzan'),(2345,33,'Dzemul'),(2346,33,'Dzidzantún'),(2347,33,'Dzilam González'),(2348,33,'Dzilam de Bravo'),(2349,33,'Dzitás'),(2350,33,'Dzoncauich'),(2351,33,'Espita'),(2352,33,'Halachó'),(2353,33,'Hocabá'),(2354,33,'Hoctún'),(2355,33,'Homún'),(2356,33,'Huhí'),(2357,33,'Hunucmá'),(2358,33,'Ixil'),(2359,33,'Izamal'),(2360,33,'Kanasín'),(2361,33,'Kantunil'),(2362,33,'Kaua'),(2363,33,'Kinchil'),(2364,33,'Kopomá'),(2365,33,'Mama'),(2366,33,'Maní'),(2367,33,'Maxcanú'),(2368,33,'Mayapán'),(2369,33,'Mocochá'),(2370,33,'Motul'),(2371,33,'Muna'),(2372,33,'Muxupip'),(2373,33,'Mérida'),(2374,33,'Opichén'),(2375,33,'Oxkutzcab'),(2376,33,'Panabá'),(2377,33,'Peto'),(2378,33,'Progreso'),(2379,33,'Quintana Roo'),(2380,33,'Río Lagartos'),(2381,33,'Sacalum'),(2382,33,'Samahil'),(2383,33,'San Felipe'),(2384,33,'Sanahcat'),(2385,33,'Santa Elena'),(2386,33,'Seyé'),(2387,33,'Sinanché'),(2388,33,'Sotuta'),(2389,33,'Sucilá'),(2390,33,'Sudzal'),(2391,33,'Suma'),(2392,33,'Tahdziú'),(2393,33,'Tahmek'),(2394,33,'Teabo'),(2395,33,'Tecoh'),(2396,33,'Tekal de Venegas'),(2397,33,'Tekantó'),(2398,33,'Tekax'),(2399,33,'Tekit'),(2400,33,'Tekom'),(2401,33,'Telchac Pueblo'),(2402,33,'Telchac Puerto'),(2403,33,'Temax'),(2404,33,'Temozón'),(2405,33,'Tepakán'),(2406,33,'Tetiz'),(2407,33,'Teya'),(2408,33,'Ticul'),(2409,33,'Timucuy'),(2410,33,'Tinum'),(2411,33,'Tixcacalcupul'),(2412,33,'Tixkokob'),(2413,33,'Tixméhuac'),(2414,33,'Tixpéhual'),(2415,33,'Tizimín'),(2416,33,'Tunkás'),(2417,33,'Tzucacab'),(2418,33,'Uayma'),(2419,33,'Ucú'),(2420,33,'Umán'),(2421,33,'Valladolid'),(2422,33,'Xocchel'),(2423,33,'Yaxcabá'),(2424,33,'Yaxkukul'),(2425,33,'Yobaín'),(2426,34,'Apozol'),(2427,34,'Apulco'),(2428,34,'Atolinga'),(2429,34,'Benito Juárez'),(2430,34,'Calera'),(2431,34,'Cañitas de Felipe Pescador'),(2432,34,'Chalchihuites'),(2433,34,'Concepción del Oro'),(2434,34,'Cuauhtémoc'),(2435,34,'El Plateado de Joaquín Amaro'),(2436,34,'El Salvador'),(2437,34,'Fresnillo'),(2438,34,'Genaro Codina'),(2439,34,'General Enrique Estrada'),(2440,34,'General Francisco R. Murguía'),(2441,34,'General Pánfilo Natera'),(2442,34,'Guadalupe'),(2443,34,'Huanusco'),(2444,34,'Jalpa'),(2445,34,'Jerez'),(2446,34,'Jiménez del Teul'),(2447,34,'Juan Aldama'),(2448,34,'Juchipila'),(2449,34,'Loreto'),(2450,34,'Luis Moya'),(2451,34,'Mazapil'),(2452,34,'Melchor Ocampo'),(2453,34,'Mezquital del Oro'),(2454,34,'Miguel Auza'),(2455,34,'Momax'),(2456,34,'Monte Escobedo'),(2457,34,'Morelos'),(2458,34,'Moyahua de Estrada'),(2459,34,'Nochistlán de Mejía'),(2460,34,'Noria de Ángeles'),(2461,34,'Ojocaliente'),(2462,34,'Pinos'),(2463,34,'Pánuco'),(2464,34,'Río Grande'),(2465,34,'Sain Alto'),(2466,34,'Santa María de la Paz'),(2467,34,'Sombrerete'),(2468,34,'Susticacán'),(2469,34,'Tabasco'),(2470,34,'Tepechitlán'),(2471,34,'Tepetongo'),(2472,34,'Teúl de González Ortega'),(2473,34,'Tlaltenango de Sánchez Román'),(2474,34,'Trancoso'),(2475,34,'Trinidad García de la Cadena'),(2476,34,'Valparaíso'),(2477,34,'Vetagrande'),(2478,34,'Villa García'),(2479,34,'Villa González Ortega'),(2480,34,'Villa Hidalgo'),(2481,34,'Villa de Cos'),(2482,34,'Villanueva'),(2483,34,'Zacatecas');
/*!40000 ALTER TABLE `municipio` ENABLE KEYS */;
UNLOCK TABLES;

--
-- Table structure for table `sector`
--

DROP TABLE IF EXISTS `sector`;
/*!40101 SET @saved_cs_client     = @@character_set_client */;
/*!50503 SET character_set_client = utf8mb4 */;
CREATE TABLE `sector` (
  `id_sector` int(11) NOT NULL AUTO_INCREMENT,
  `sector` varchar(45) DEFAULT NULL,
  PRIMARY KEY (`id_sector`)
) ENGINE=InnoDB AUTO_INCREMENT=3 DEFAULT CHARSET=utf8mb4 COLLATE=utf8mb4_unicode_520_ci;
/*!40101 SET character_set_client = @saved_cs_client */;

--
-- Dumping data for table `sector`
--

LOCK TABLES `sector` WRITE;
/*!40000 ALTER TABLE `sector` DISABLE KEYS */;
INSERT INTO `sector` VALUES (1,'Comercial'),(2,'Servicio');
/*!40000 ALTER TABLE `sector` ENABLE KEYS */;
UNLOCK TABLES;

--
-- Table structure for table `sexo`
--

DROP TABLE IF EXISTS `sexo`;
/*!40101 SET @saved_cs_client     = @@character_set_client */;
/*!50503 SET character_set_client = utf8mb4 */;
CREATE TABLE `sexo` (
  `id_sexo` int(11) NOT NULL AUTO_INCREMENT,
  `sexo` varchar(45) DEFAULT NULL,
  PRIMARY KEY (`id_sexo`)
) ENGINE=InnoDB AUTO_INCREMENT=3 DEFAULT CHARSET=utf8mb4 COLLATE=utf8mb4_unicode_520_ci;
/*!40101 SET character_set_client = @saved_cs_client */;

--
-- Dumping data for table `sexo`
--

LOCK TABLES `sexo` WRITE;
/*!40000 ALTER TABLE `sexo` DISABLE KEYS */;
INSERT INTO `sexo` VALUES (1,'Masculino'),(2,'Femenino');
/*!40000 ALTER TABLE `sexo` ENABLE KEYS */;
UNLOCK TABLES;
/*!40103 SET TIME_ZONE=@OLD_TIME_ZONE */;

/*!40101 SET SQL_MODE=@OLD_SQL_MODE */;
/*!40014 SET FOREIGN_KEY_CHECKS=@OLD_FOREIGN_KEY_CHECKS */;
/*!40014 SET UNIQUE_CHECKS=@OLD_UNIQUE_CHECKS */;
/*!40101 SET CHARACTER_SET_CLIENT=@OLD_CHARACTER_SET_CLIENT */;
/*!40101 SET CHARACTER_SET_RESULTS=@OLD_CHARACTER_SET_RESULTS */;
/*!40101 SET COLLATION_CONNECTION=@OLD_COLLATION_CONNECTION */;
/*!40111 SET SQL_NOTES=@OLD_SQL_NOTES */;

-- Dump completed on 2026-05-27 11:53:04
